id;year;month;phosphateRock;urea;potassiumChloride;aluminum;ironOre;copper;lead;tin;nickel;zinc;gold;platinum;silver
1;1960;1;13.0;42.25;28.5;511.4718323;11.42;715.4;206.1;2180.4;1631.0;260.8;35.27;83.5;0.9137
2;1960;2;13.0;42.25;28.5;511.4718323;11.42;728.19;203.7;2180.4;1631.0;244.9;35.27;83.5;0.9137
3;1960;3;13.0;42.25;28.5;511.4718323;11.42;684.94;210.3;2173.8;1631.0;248.7;35.27;83.5;0.9137
4;1960;4;13.0;42.25;28.5;511.4718323;11.42;723.11;213.6;2178.2;1631.0;254.6;35.27;83.5;0.9137
5;1960;5;13.0;42.25;28.5;511.4718323;11.42;684.75;213.4;2162.7;1631.0;253.8;35.27;83.5;0.9137
6;1960;6;13.0;42.25;28.5;511.4718323;11.42;691.59;202.4;2184.8;1631.0;249.8;35.27;83.5;0.9137
7;1960;7;13.0;42.25;28.5;511.4718323;11.42;702.39;196.2;2248.7;1631.0;248.7;35.27;83.5;0.9137
8;1960;8;13.0;42.25;28.5;511.4718323;11.42;675.94;195.3;2204.6;1631.0;241.0;35.27;83.5;0.9137
9;1960;9;13.0;42.25;28.5;511.4718323;11.42;647.06;192.7;2226.7;1631.0;240.1;35.27;83.5;0.9137
10;1960;10;13.0;42.25;28.5;511.4718323;11.42;612.66;185.2;2226.7;1631.0;242.3;35.27;83.5;0.9137
11;1960;11;13.0;42.25;28.5;511.4718323;11.42;642.13;188.1;2204.6;1631.0;241.4;35.27;83.5;0.9137
12;1960;12;13.0;42.25;28.5;511.4718323;11.42;636.91;179.2;2189.2;1631.0;228.2;35.27;83.5;0.9137
13;1961;1;13.0;42.25;30.0;511.4718323;11.02;606.71;175.9;2162.7;1711.0;218.0;35.25;83.5;0.9137
14;1961;2;13.0;42.25;30.0;511.4718323;11.02;616.63;179.9;2187.0;1711.0;228.2;35.25;83.5;0.9137
15;1961;3;13.0;42.25;30.0;511.4718323;11.02;621.26;181.7;2248.7;1711.0;233.2;35.25;83.5;0.9137
16;1961;4;13.0;42.25;30.0;511.4718323;11.02;631.84;185.0;2308.2;1711.0;231.3;35.25;83.5;0.9137
17;1961;5;13.0;42.25;30.0;511.4718323;11.02;668.44;183.6;2376.6;1711.0;227.1;35.25;83.5;0.9137
18;1961;6;13.0;42.25;30.0;511.4718323;11.02;652.12;178.4;2467.0;1711.0;217.8;35.25;83.5;0.9137
19;1961;7;13.0;42.25;30.0;511.4718323;11.02;633.39;178.8;2519.9;1711.0;214.7;35.25;83.5;0.9137
20;1961;8;13.0;42.25;30.0;511.4718323;11.02;636.47;178.4;2605.9;1711.0;210.8;35.25;83.5;0.9137
21;1961;9;13.0;42.25;30.0;511.4718323;11.02;632.72;176.4;2630.1;1711.0;203.7;35.25;83.5;0.9137
22;1961;10;13.0;42.25;30.0;511.4718323;11.02;630.3;172.5;2605.9;1711.0;198.2;35.25;83.5;0.9137
23;1961;11;13.0;42.25;30.0;511.4718323;11.02;632.28;166.4;2667.6;1711.0;191.8;35.25;83.5;0.9231
24;1962;12;13.0;42.25;30.0;511.4718323;11.02;634.85;166.7;2619.1;1711.0;196.9;35.25;83.5;1.0332
25;1962;1;11.5;42.25;30.0;511.4718323;11.01;635.37;162.9;2610.3;1761.0;193.6;35.23;83.5;1.0428
26;1962;2;11.5;42.25;30.0;504.8579712;11.01;647.94;161.9;2623.5;1761.0;189.6;35.23;83.5;1.0247
27;1962;3;11.5;42.25;30.0;496.0394897;11.01;647.5;167.1;2652.2;1761.0;191.4;35.23;83.5;1.015
28;1962;4;11.5;42.25;30.0;496.0394897;11.01;645.95;166.7;2614.7;1761.0;191.4;35.23;83.5;1.015
29;1962;5;11.5;42.25;30.0;496.0394897;11.01;645.73;164.9;2533.1;1761.0;188.5;35.23;83.5;1.015
30;1962;6;11.5;42.25;30.0;496.0394897;11.01;645.51;159.0;2414.1;1761.0;184.7;35.23;83.5;1.0227
31;1962;7;11.5;42.25;30.0;496.0394897;11.01;645.51;148.4;2376.6;1761.0;182.1;35.23;83.5;1.0355
32;1962;8;11.5;42.25;30.0;496.0394897;11.01;645.51;140.7;2350.1;1761.0;178.1;35.23;83.5;1.083
33;1962;9;11.5;42.25;30.0;496.0394897;11.01;645.51;143.1;2350.1;1761.0;176.6;35.23;83.5;1.1546
34;1962;10;11.5;42.25;30.0;496.0394897;11.01;645.95;146.2;2358.9;1761.0;181.9;35.23;83.5;1.206
35;1962;11;11.5;42.25;30.0;496.0394897;11.01;645.51;149.7;2407.4;1761.0;188.5;35.23;83.5;1.1917
36;1962;12;11.5;42.25;30.0;496.0394897;11.01;645.73;152.8;2365.6;1761.0;184.7;35.23;83.5;1.1987
37;1963;1;11.5;42.25;30.0;496.0394897;11.02;645.51;149.4;2350.1;1741.0;186.3;35.09;83.5;1.2438
38;1963;2;11.5;42.25;30.0;496.0394897;11.02;645.51;150.6;2350.1;1742.0;191.6;35.09;83.5;1.2564
39;1963;3;11.5;42.25;30.0;496.0394897;11.02;645.51;153.7;2358.9;1742.0;197.5;35.09;83.5;1.2714
40;1963;4;11.5;42.25;30.0;496.0394897;11.02;645.73;159.4;2427.3;1741.0;204.4;35.09;78.5;1.2729
41;1963;5;11.5;42.25;30.0;496.0394897;11.02;645.51;167.1;2495.6;1742.0;209.4;35.09;78.5;1.2787
42;1963;6;11.5;42.25;30.0;496.0394897;11.02;645.73;179.0;2500.0;1742.0;209.2;35.09;78.5;1.2768
43;1963;7;11.5;42.25;30.0;496.0394897;11.02;645.51;179.5;2482.4;1741.0;204.8;35.09;78.5;1.2899
44;1963;8;11.5;42.25;30.0;496.0394897;11.02;645.51;184.7;2495.6;1742.0;210.3;35.09;78.95;1.2878
45;1963;9;11.5;42.25;30.0;496.0394897;11.02;645.51;187.0;2572.8;1742.0;211.2;35.09;80.75;1.2926
46;1963;10;11.5;42.25;30.0;507.0625916;11.02;645.51;192.0;2590.4;1741.0;220.9;35.09;80.5;1.293
47;1963;11;11.5;42.25;30.0;507.0625916;11.02;645.73;190.5;2687.4;1742.0;231.5;35.09;82.97;1.293
48;1963;12;11.5;42.25;30.0;507.0625916;11.02;650.14;204.8;2782.2;1742.0;261.0;35.09;83.5;1.293
49;1964;1;12.5;60.5;32.5;507.0625916;10.24;655.65;217.6;2872.6;1741.0;264.1;35.1;88.27;1.293
50;1964;2;12.5;60.5;32.5;507.0625916;10.24;693.79;223.1;3060.0;1742.0;270.5;35.1;88.5;1.293
51;1964;3;12.5;60.5;32.5;524.6994629;10.24;745.16;223.8;2958.6;1742.0;277.1;35.1;88.5;1.293
52;1964;4;12.5;60.5;32.5;529.1088867;10.24;861.56;226.8;2879.2;1741.0;298.7;35.1;88.5;1.293
53;1964;5;12.5;60.5;32.5;529.1088867;10.24;828.28;243.8;2910.1;1742.0;343.0;35.1;88.5;1.293
54;1964;6;12.5;60.5;32.5;529.1088867;10.24;808.43;246.3;3265.0;1742.0;357.1;35.1;88.5;1.293
55;1964;7;12.5;60.5;32.5;529.1088867;10.24;854.95;270.9;3452.4;1741.0;385.1;35.1;88.5;1.293
56;1964;8;12.5;60.5;32.5;529.1088867;10.24;999.33;300.9;3512.0;1742.0;345.2;35.1;88.5;1.293
57;1964;9;12.5;60.5;32.5;529.1088867;10.24;1162.05;300.9;3933.0;1742.0;355.1;35.1;88.5;1.293
58;1964;10;12.5;60.5;32.5;529.1088867;10.24;1358.27;331.8;4371.8;1741.0;334.4;35.1;88.5;1.293
59;1964;11;12.5;60.5;32.5;529.1088867;10.24;1400.37;365.1;4105.0;1742.0;344.6;35.1;88.5;1.293
60;1964;12;12.5;60.5;32.5;540.1318359;10.24;1269.2;383.6;3633.2;1742.0;343.0;35.1;88.5;1.293
61;1965;1;14.0;65.75;29.5;540.1318359;10.24;1000.68;347.9;3456.8;1735.0;322.3;35.12;93.0;1.293
62;1965;2;14.0;65.75;29.5;540.1318359;10.24;1179.91;389.6;3390.7;1735.0;320.3;35.12;98.5;1.293
63;1965;3;14.0;65.75;29.5;540.1318359;10.24;1237.23;395.3;3584.7;1735.0;315.9;35.12;98.5;1.293
64;1965;4;14.0;65.75;29.5;540.1318359;10.24;1348.34;353.0;3944.1;1735.0;315.9;35.12;98.5;1.293
65;1965;5;14.0;65.75;29.5;540.1318359;15.3;1378.55;302.0;4215.2;1735.0;323.4;35.12;98.5;1.293
66;1965;6;14.0;65.75;29.5;540.1318359;10.24;1308.88;278.7;4131.5;1735.0;314.4;35.12;98.5;1.293
67;1965;7;14.0;65.75;29.5;540.1318359;10.24;1134.06;271.6;3966.1;1735.0;310.4;35.12;98.5;1.293
68;1965;8;14.0;65.75;29.5;540.1318359;10.24;1209.9;272.0;4091.8;1735.0;303.6;35.12;98.5;1.293
69;1965;9;14.0;65.75;29.5;540.1318359;10.24;1327.84;289.2;4208.6;1735.0;299.6;35.12;98.5;1.293
70;1965;10;14.0;65.75;29.5;540.1318359;10.24;1401.92;306.9;4010.2;1735.0;307.8;35.12;98.5;1.293
71;1965;11;14.0;65.75;29.5;540.1318359;10.24;1469.16;299.2;3820.6;1735.0;298.7;35.12;98.5;1.293
72;1965;12;14.0;65.75;29.5;540.1318359;10.24;1517.66;300.7;3869.1;1735.0;302.7;35.12;98.5;1.293
73;1966;1;13.0;59.25;27.5;540.1318359;9.52;1679.04;301.2;3926.4;1739.0;302.7;35.13;98.5;1.293
74;1966;2;13.0;59.25;27.5;540.1318359;9.52;1874.37;291.5;3877.9;1739.0;299.8;35.13;98.5;1.293
75;1966;3;13.0;59.25;27.5;540.1318359;9.52;1874.81;292.8;3772.1;1739.0;300.7;35.13;99.65;1.293
76;1966;4;13.0;59.25;27.5;540.1318359;9.52;1907.44;280.4;3763.3;1739.0;278.7;35.13;100.0;1.293
77;1966;5;13.0;59.25;27.5;540.1318359;9.52;1663.61;261.9;3688.3;1739.0;270.0;35.13;100.0;1.293
78;1966;6;13.0;59.25;27.5;540.1318359;9.52;1695.79;259.3;3516.4;1739.0;272.1;35.13;100.0;1.293
79;1966;7;13.0;59.25;27.5;540.1318359;9.52;1567.93;263.4;3514.2;1739.0;264.6;35.13;100.0;1.293
80;1966;8;13.0;59.25;27.5;540.1318359;9.52;1195.34;242.5;3428.2;1739.0;264.6;35.13;100.0;1.293
81;1966;9;13.0;59.25;27.5;540.1318359;9.52;1128.32;254.2;3377.5;1739.0;270.5;35.13;100.0;1.293
82;1966;10;13.0;59.25;27.5;540.1318359;9.52;1275.37;233.7;3362.0;1739.0;276.0;35.13;100.0;1.293
83;1966;11;13.0;59.25;27.5;540.1318359;9.52;1301.61;222.7;3320.2;1739.0;288.1;35.13;100.0;1.293
84;1966;12;13.0;59.25;27.5;540.1318359;9.52;1214.53;224.2;3335.6;1739.0;285.5;35.13;100.0;1.293
85;1967;1;12.0;49.25;25.5;540.1318359;8.86;1243.85;220.2;3302.5;1935.7;279.5;34.95;102.93;1.293
86;1967;2;12.0;49.25;25.5;540.1318359;8.86;1220.48;221.8;3309.1;1935.7;282.2;34.95;110.5;1.293
87;1967;3;12.0;49.25;25.5;540.1318359;8.86;1098.34;228.4;3318.0;1935.7;279.3;34.95;110.5;1.293
88;1967;4;12.0;49.25;25.5;540.1318359;8.86;994.72;226.6;3351.0;1935.7;272.1;34.95;110.5;1.293
89;1967;5;12.0;49.25;25.5;540.1318359;8.86;1036.17;226.2;3357.6;1935.7;275.1;34.95;110.5;1.2959
90;1967;6;12.0;49.25;25.5;540.1318359;8.86;1015.22;228.2;3366.5;1935.7;274.3;34.95;110.5;1.301
91;1967;7;12.0;49.25;25.5;540.1318359;8.86;997.37;231.3;3362.0;1935.7;267.2;34.95;110.5;1.5929
92;1967;8;12.0;49.25;25.5;540.1318359;8.86;1044.55;232.3;3291.5;1935.7;268.7;34.95;110.5;1.7498
93;1967;9;12.0;49.25;25.5;540.1318359;8.86;1060.2;226.9;3267.2;1935.7;264.6;34.95;110.5;1.6795
94;1967;10;12.0;49.25;25.5;540.1318359;8.86;1138.47;225.7;3280.5;1935.7;263.9;34.95;110.5;1.7859
95;1967;11;12.0;49.25;25.5;540.1318359;8.86;1443.81;242.1;3298.1;1935.7;287.0;34.95;110.5;1.9532
96;1967;12;12.0;49.25;25.5;540.1318359;8.86;1324.09;222.4;3192.3;1935.7;266.1;34.95;115.05;2.06
97;1968;1;11.5;35.5;24.0;540.1318359;8.77;1408.75;218.0;3126.2;2074.5;262.8;35.5;114.0;1.9899
98;1968;2;11.5;35.5;24.0;540.1318359;8.77;1719.82;227.5;3110.7;2074.5;259.7;36.0;111.5;1.8547
99;1968;3;11.5;35.5;24.0;540.1318359;8.77;1701.08;233.9;3112.9;2074.5;257.5;37.0;111.5;2.1805
100;1968;4;11.5;35.5;24.0;540.1318359;8.77;1255.09;235.0;3106.3;2074.5;258.2;37.86;111.5;2.2028
101;1968;5;11.5;35.5;24.0;540.1318359;8.77;1096.58;237.7;3084.3;2074.5;261.5;40.7;111.5;2.3768
102;1968;6;11.5;35.5;24.0;562.1779785;8.77;1136.7;238.5;3084.3;2074.5;262.1;41.14;111.5;2.4641
103;1968;7;11.5;35.5;24.0;562.1779785;8.77;1054.25;247.1;3075.4;2074.5;265.7;39.46;122.5;2.3138
104;1968;8;11.5;35.5;24.0;562.1779785;8.77;1056.45;250.2;3062.2;2074.5;269.0;39.19;122.5;2.1946
105;1968;9;11.5;35.5;24.0;562.1779785;8.77;1110.03;251.5;3071.0;2074.5;263.0;40.18;122.5;2.2085
106;1968;10;11.5;35.5;24.0;562.1779785;8.77;1079.82;247.8;3110.7;2074.5;262.1;39.21;122.5;1.9728
107;1968;11;11.5;35.5;24.0;562.1779785;8.77;1099.88;248.5;3320.2;2074.5;264.1;39.78;122.5;2.0178
108;1968;12;11.5;35.5;24.0;562.1779785;8.77;1184.98;250.2;3258.4;2074.5;269.0;41.08;122.5;1.9593
109;1969;1;11.25;26.6;22.0;573.2011719;9.84;1255.53;254.2;3227.6;2363.4;269.4;42.3;122.5;1.9789
110;1969;2;11.25;26.6;22.0;584.2243652;9.84;1285.29;258.4;3245.2;2363.4;267.4;42.6;122.5;1.8397
111;1969;3;11.25;26.6;22.0;584.2243652;9.84;1278.46;261.2;3243.0;2363.4;271.6;43.16;122.5;1.8257
112;1969;4;11.25;26.6;22.0;584.2243652;9.84;1388.03;268.3;3304.7;2363.4;272.7;43.31;122.5;1.7781
113;1969;5;11.25;26.6;22.0;584.2243652;9.84;1392.44;278.2;3355.4;2363.4;278.9;43.46;122.5;1.761
114;1969;6;11.25;26.6;22.0;584.2243652;9.84;1483.04;285.5;3379.7;2363.4;281.3;41.44;122.5;1.6455
115;1969;7;11.25;26.6;22.0;584.2243652;9.84;1453.95;311.1;3439.2;2363.4;283.7;41.76;122.5;1.6183
116;1969;8;11.25;26.6;22.0;584.2243652;9.84;1606.73;315.9;3470.1;2363.4;293.9;41.09;122.5;1.6526
117;1969;9;11.25;26.6;22.0;584.2243652;9.84;1578.95;302.5;3470.1;2363.4;299.4;40.87;122.5;1.7855
118;1969;10;11.25;26.6;22.0;601.8613281;9.84;1554.48;293.7;3534.0;2363.4;298.9;40.44;122.75;1.8725
119;1969;11;11.25;26.6;22.0;606.2705078;9.84;1631.42;315.7;3642.0;2363.4;309.5;37.4;132.5;1.9231
120;1969;12;11.25;26.6;22.0;606.2705078;9.84;1699.76;334.0;3818.4;2363.4;310.2;35.17;132.5;1.8071
121;1970;1;11.0;18.25;31.5;606.2705078;9.84;1626.3;324.7;3842.7;2846.2;302.4;34.94;132.5;1.8765
122;1970;2;11.0;18.25;31.5;606.2705078;9.84;1657.2;341.0;3767.7;2846.2;298.0;34.99;132.5;1.8958
123;1970;3;11.0;18.25;31.5;606.2705078;9.84;1754.0;335.5;3796.4;2846.2;296.0;35.09;132.5;1.8885
124;1970;4;11.0;18.25;31.5;612.8842773;9.84;1741.6;321.2;3849.3;2846.2;293.4;35.62;132.5;1.8529
125;1970;5;11.0;18.25;31.5;617.2937012;9.84;1597.9;291.6;3736.8;2846.2;291.7;35.95;132.5;1.67
126;1970;6;11.0;18.25;31.5;617.2937012;9.84;1458.0;308.2;3542.8;2846.2;293.2;35.42;132.5;1.6394
127;1970;7;11.0;18.25;31.5;617.2937012;9.84;1366.6;300.7;3498.7;2846.2;298.1;35.32;132.5;1.6866
128;1970;8;11.0;18.25;31.5;617.2937012;9.84;1266.5;285.4;3620.0;2846.2;298.1;35.38;132.5;1.7977
129;1970;9;11.0;18.25;31.5;617.2937012;9.84;1246.9;284.8;3646.4;2846.2;300.0;36.19;132.5;1.8016
130;1970;10;11.0;18.25;31.5;617.2937012;9.84;1142.4;285.2;3668.5;2846.2;296.5;37.52;132.5;1.7458
131;1970;11;11.0;18.25;31.5;617.2937012;9.84;1085.3;279.9;3615.6;2846.2;293.2;37.44;132.5;1.7604
132;1970;12;11.0;18.25;31.5;617.2937012;9.84;1045.7;276.7;3496.5;2846.2;289.2;37.44;132.5;1.6348
133;1971;1;11.25;16;32.5;617.2937012;10.33;1010.0;262.5;3465.7;2932.1;284.6;37.88;129.0;1.6396
134;1971;2;11.25;16;32.5;617.2937012;10.33;1020.2;266.1;3463.5;2932.1;272.1;38.74;122.5;1.6003
135;1971;3;11.25;16;32.5;617.2937012;10.33;1144.1;267.4;3527.4;2932.1;283.7;38.87;122.5;1.669
136;1971;4;11.25;16;32.5;617.2937012;10.33;1251.5;268.0;3562.7;2932.1;283.5;39.01;122.5;1.726
137;1971;5;11.25;16;32.5;617.2937012;10.33;1114.4;264.5;3520.8;2932.1;287.7;40.52;122.5;1.6667
138;1971;6;11.25;16;32.5;617.2937012;10.33;1074.2;273.3;3448.0;2932.1;308.6;40.1;122.5;1.6081
139;1971;7;11.25;16;32.5;617.2937012;10.33;1115.3;261.9;3456.8;2932.1;317.6;40.95;122.5;1.5808
140;1971;8;11.25;16;32.5;628.3166504;10.33;1097.9;258.3;3478.9;2932.1;322.5;42.71;122.5;1.5866
141;1971;9;11.25;16;32.5;639.3398438;10.33;1056.4;239.2;3525.2;2932.1;311.2;42.03;122.5;1.4214
142;1971;10;11.25;16;32.5;639.3398438;10.33;1041.2;229.5;3489.9;2932.1;336.6;42.5;122.5;1.3358
143;1971;11;11.25;16;32.5;641.5444336;10.33;1013.9;221.8;3534.0;2932.1;344.4;42.86;122.5;1.3199
144;1971;12;11.25;16;32.5;665.795166;10.33;1037.9;231.0;3670.7;2932.1;358.9;43.48;122.5;1.3935
145;1972;1;11.5;29.25;33.5;670.2045898;10.33;1078.0;251.9;3626.6;3079.9;379.8;45.75;122.5;1.4731
146;1972;2;11.5;29.25;33.5;670.2045898;10.33;1112.4;294.3;3631.0;3079.9;389.7;48.26;122.5;1.5036
147;1972;3;11.5;29.25;33.5;670.2045898;10.33;1108.2;320.5;3789.7;3079.9;397.4;48.33;122.5;1.5364
148;1972;4;11.5;29.25;33.5;670.2045898;10.33;1133.0;315.9;3844.9;3079.9;395.0;49.03;122.5;1.572
149;1972;5;11.5;29.25;33.5;599.6567383;10.33;1106.4;317.9;3765.5;3079.9;386.2;54.62;122.5;1.583
150;1972;6;11.5;29.25;33.5;566.5874023;10.33;1063.2;311.9;3741.2;3079.9;371.0;62.09;122.5;1.569
151;1972;7;11.5;29.25;33.5;537.9272461;10.33;1034.6;303.7;3732.4;3079.9;363.7;65.66;128.0;1.7358
152;1972;8;11.5;29.25;33.5;540.1318359;10.33;1046.7;297.8;3754.5;3079.9;363.5;67.03;132.5;1.8461
153;1972;9;11.5;29.25;33.5;537.9272461;10.33;1060.6;302.4;3803.0;3079.9;368.4;65.46;132.5;1.7767
154;1972;10;11.5;29.25;33.5;537.9272461;10.33;917.5;297.2;3758.9;3079.9;363.7;64.86;132.5;1.8106
155;1972;11;11.5;29.25;33.5;540.1318359;10.33;1007.1;298.0;3701.6;3079.9;378.9;62.91;132.5;1.8325
156;1972;12;11.5;29.25;33.5;540.1318359;10.33;1024.4;308.4;3730.2;3079.9;375.0;63.91;132.5;1.976
157;1973;1;13.75;64.75;42.5;542.3364258;10.33;1119.0;318.3;3789.7;3373.1;387.0;65.14;132.5;2.0166
158;1973;2;13.75;64.75;42.5;557.7687988;10.33;1243.6;339.9;4027.8;3373.1;422.0;74.2;141.97;2.2362
159;1973;3;13.75;64.75;42.5;570.996582;10.33;1509.5;372.1;4288.0;3373.1;474.0;84.37;152.5;2.3092
160;1973;4;13.75;64.75;42.5;570.996582;10.33;1588.4;387.1;4270.3;3373.1;513.0;90.5;152.5;2.2072
161;1973;5;13.75;64.75;42.5;582.0197754;10.33;1552.2;396.4;4347.5;3373.1;549.0;101.96;152.5;2.4012
162;1973;6;13.75;64.75;42.5;601.8613281;10.33;1748.7;425.3;4530.5;3373.1;656.0;120.12;152.5;2.6209
163;1973;7;13.75;64.75;42.5;634.9306641;10.33;2021.2;469.8;4962.6;3373.1;842.0;120.17;152.5;2.7056
164;1973;8;13.75;64.75;42.5;619.498291;10.33;2123.0;447.5;5004.5;3373.1;914.0;106.76;152.5;2.6365
165;1973;9;13.75;64.75;42.5;604.065918;10.33;1936.1;444.7;5011.1;3373.1;976.0;102.97;155.24;2.6751
166;1973;10;13.75;64.75;42.5;621.7028809;10.33;2065.3;471.6;5359.4;3373.1;1163.0;100.08;160.5;2.8856
167;1973;11;13.75;64.75;42.5;650.362793;10.33;2273.0;490.0;5573.3;3373.1;1625.0;94.92;160.5;2.8599
168;1973;12;13.75;64.75;42.5;632.7258301;10.33;2244.3;593.5;6461.7;3373.1;1623.0;106.72;160.5;3.1367
169;1974;1;42.0;285.75;53.0;604.065918;13.38;2032.4;565.7;6503.6;3571.5;1330.0;129.19;162.68;3.63695
170;1974;2;42.0;285.75;55.0;619.498291;13.38;2291.7;649.2;7418.5;3571.5;1516.0;150.13;172.5;5.35895
171;1974;3;42.0;285.75;55.0;687.8415527;13.38;2743.4;708.3;8218.8;3571.5;1630.0;168.42;172.5;5.32552
172;1974;4;42.0;285.75;55.0;751.7753906;13.38;3031.8;702.0;9206.5;3571.5;1743.0;172.24;172.5;5.03595
173;1974;5;42.0;285.75;55.0;765.0031738;13.38;2875.7;668.7;9305.7;3571.5;1782.0;163.27;174.55;5.43182
174;1974;6;63.0;285.75;57.0;756.1845703;13.38;2440.0;570.1;9041.1;3571.5;1410.0;154.1;195.0;4.8961
175;1974;7;63.0;285.75;58.0;760.5939941;13.38;1919.1;548.5;8547.3;4079.0;1097.0;142.98;195.0;4.41545
176;1974;8;63.0;285.75;62.0;848.7788086;13.38;1802.9;549.6;8787.6;4079.0;1066.0;154.64;195.0;4.43136
177;1974;9;63.0;285.75;66.0;837.7556152;13.38;1460.5;539.3;9166.8;4079.0;911.0;151.75;195.0;4.04875
178;1974;10;63.0;285.75;70.0;844.3693848;13.38;1398.8;537.3;7409.7;4079.0;825.0;158.78;195.0;4.82977
179;1974;11;65.0;285.75;70.0;842.1647949;13.38;1416.7;534.2;7403.1;4079.0;794.0;181.66;195.0;4.69389
180;1974;12;64.25;285.75;70.0;859.8017578;13.38;1289.0;534.2;7202.5;4079.0;771.0;183.78;195.0;4.39125
181;1975;1;68.0;168;70.0;895.0756836;17.3;1211.2;538.4;7676.5;4431.0;799.0;176.27;195.0;4.1925
182;1975;2;68.0;168;70.0;908.3034668;17.3;1266.5;541.2;7557.4;4431.0;794.0;179.6;180.53;4.37
183;1975;3;68.0;168;88.0;917.1218262;17.3;1344.2;542.8;7383.3;4431.0;803.0;178.16;175.0;4.3315
184;1975;4;68.0;168;88.0;897.2802734;17.3;1329.2;479.5;7129.7;4431.0;783.0;169.84;163.06;4.20918
185;1975;5;68.0;168;89.0;903.8942871;17.3;1253.8;356.9;6898.3;4431.0;747.0;167.39;160.0;4.5381
186;1975;6;68.0;168;88.0;903.8942871;17.3;1193.0;353.4;6926.9;4431.0;751.0;164.24;160.0;4.48914
187;1975;7;68.0;168;85.0;864.2109375;17.3;1222.4;359.3;6810.1;4431.0;707.0;165.17;162.73;4.70455
188;1975;8;68.0;168;85.0;837.7556152;17.3;1277.1;383.6;6774.8;4431.0;737.0;163.0;175.0;4.9251
189;1975;9;68.0;168;84.0;826.7324219;17.3;1210.1;370.0;6558.7;4852.0;724.0;144.17;175.0;4.51595
190;1975;10;68.0;168;78.0;815.7094727;17.3;1178.8;344.6;6347.1;4852.0;706.0;142.79;172.17;4.32886
191;1975;11;68.0;168;76.0;813.5048828;17.3;1179.7;337.3;6281.0;4852.0;705.0;142.42;160.0;4.33244
192;1975;12;58.0;168;75.0;837.7556152;17.3;1151.0;333.1;6175.1;4852.0;686.0;139.3;160.0;4.08486
193;1976;1;40.0;82;70.0;853.1879883;22.72;1193.0;337.0;6241.3;4850.0;692.0;131.05;160.0;4.06265
194;1976;2;40.0;82;56.0;850.9833984;22.72;1219.0;348.0;6508.0;4850.0;690.0;131.06;160.0;4.08642
195;1976;3;35.0;82;56.0;815.7094727;22.72;1329.0;384.0;6902.7;4850.0;728.0;132.76;160.0;4.18913
196;1976;4;35.0;82;55.0;820.1186523;22.72;1510.0;454.0;7123.1;4850.0;789.0;127.94;160.0;4.35552
197;1976;5;35.0;82;53.0;824.527832;22.72;1512.0;483.0;7449.4;4850.0;774.0;126.92;160.0;4.48845
198;1976;6;35.0;82;53.0;804.6862793;22.72;1550.0;476.0;7766.9;4850.0;750.0;125.71;163.54;4.81173
199;1976;7;35.0;82;55.0;903.8942871;22.72;1647.0;509.0;8496.6;4850.0;776.0;117.73;171.12;4.7606
200;1976;8;35.0;82;53.0;939.1682129;22.72;1539.0;483.0;8084.3;4850.0;741.0;109.93;156.15;4.2766
201;1976;9;35.0;82;53.0;996.4882813;22.72;1459.0;481.0;7960.9;4938.0;712.0;114.15;158.24;4.3035
202;1976;10;35.0;82;55.0;947.9865723;22.72;1285.0;465.0;7971.9;5313.0;639.0;116.15;157.9;4.2195
203;1976;11;35.0;82;54.0;947.9865723;22.72;1279.0;459.0;8121.8;5313.0;604.0;130.46;156.83;4.3533
204;1976;12;35.0;82;53.0;974.4421387;22.72;1287.0;478.0;8399.6;5313.0;642.0;133.93;151.99;4.3601
205;1977;1;140.0;115;54.5;1058.217529;23.06;1396.0;560.0;9486.5;5313.0;692.0;132.26;154.55;4.4192
206;1977;2;142.5;100.5;54.5;1078.059082;23.06;1426.0;648.0;10227.2;5313.0;703.0;136.24;161.27;4.5325
207;1977;3;123.5;100.5;54.5;1082.468506;23.06;1515.0;703.0;10372.7;5313.0;719.0;148.23;162.99;4.8653
208;1977;4;44.0;109.5;54.5;1082.468506;23.06;1429.0;648.0;9596.7;5187.0;655.0;149.17;160.74;4.79
209;1977;5;44.0;116.1;54.3;1082.468506;23.06;1371.0;661.0;9843.6;5282.0;611.0;146.61;156.55;4.6998
210;1977;6;40.75;120;55.0;1102.310059;23.06;1312.0;567.0;9627.6;5313.0;542.0;140.78;150.36;4.4815
211;1977;7;37.5;123.125;55.0;1170.65332;23.06;1248.0;562.0;10416.8;5313.0;542.0;143.39;149.57;4.5323
212;1977;8;31.2;129.6;55.1;1183.880859;23.06;1160.0;551.0;11309.7;5313.0;520.0;144.94;148.86;4.4732
213;1977;9;34.5;132.5;56.625;1183.880859;23.06;1195.0;582.0;11157.6;5313.0;518.0;149.53;150.33;4.538
214;1977;10;34.5;131;57.5;1203.722412;23.06;1210.0;615.0;12153.8;4586.0;511.0;158.95;157.62;4.7586
215;1977;11;34.5;137;56.0;1236.791748;23.06;1182.0;633.0;12676.6;4586.0;525.0;162.1;169.67;4.8258
216;1977;12;34.5;134.3333333;56.0;1261.042725;23.06;1261.0;686.0;12784.6;4586.0;538.0;160.45;177.35;4.7168
217;1978;1;28.0;133;56.0;1316.158203;21.45;1261.0;664.0;12121.0;4586.0;518.0;173.18;201.73;4.9238
218;1978;2;28.0;134.75;56.0;1320.567383;21.45;1217.0;582.0;12149.7;4586.0;478.0;178.14;224.41;4.9607
219;1978;3;28.0;134.5;56.0;1298.52124;21.45;1254.0;582.0;11422.1;4586.0;507.0;183.61;226.78;5.2731
220;1978;4;31.375;134;56.0;1258.838135;21.45;1285.0;573.0;11005.5;4696.0;553.0;175.28;214.09;5.1672
221;1978;5;32.5;130.8;56.0;1236.791748;21.45;1303.0;545.0;11704.3;4696.0;562.0;176.31;232.73;5.1337
222;1978;6;32.5;132.5;56.0;1247.814941;21.45;1333.0;570.0;12356.9;4645.0;578.0;183.75;244.96;5.3288
223;1978;7;32.5;142;57.0;1289.702637;21.45;1337.0;582.0;12414.2;4586.0;584.0;188.73;245.64;5.3613
224;1978;8;32.5;142.5;58.5;1320.567383;21.45;1426.0;639.0;12994.5;4586.0;618.0;206.3;267.35;5.5361
225;1978;9;32.5;134.625;63.125;1382.296631;21.45;1442.0;693.0;13889.1;4586.0;634.0;212.08;269.34;5.5884
226;1978;10;32.5;132;63.5;1424.625488;21.45;1506.0;830.0;15256.0;4586.0;713.0;227.44;331.83;5.9447
227;1978;11;32.5;140.75;65.0;1394.422119;21.45;1481.0;824.0;15035.5;4586.0;695.0;206.2;328.51;5.8724
228;1978;12;32.5;141;65.0;1408.752197;21.45;1533.0;859.0;14153.7;4586.0;687.0;207.85;340.44;5.935
229;1979;1;32.5;143;65.0;1264.756348;23.5;1659.0;992.0;13853.8;4586.0;720.0;227.28;358.47;6.2027
230;1979;2;32.5;143;64.5;1441.910156;23.5;1944.0;1055.0;14526.2;4546.0;793.0;245.67;410.41;7.3494
231;1979;3;32.5;131.875;65.5;1541.690918;23.5;2050.0;1177.0;15022.3;4819.0;795.0;242.05;397.76;7.4159
232;1979;4;32.5;135;70.0;1569.186279;23.5;2100.0;1161.0;15136.9;5379.0;789.0;239.11;391.16;7.4371
233;1979;5;32.5;141.75;70.0;1576.082275;23.5;1926.0;1239.0;15361.8;5968.0;778.0;257.59;430.39;8.376
234;1979;6;32.5;148.5;71.25;1596.55957;23.5;1877.9;1382.0;16135.6;6519.0;754.0;279.07;430.29;8.5596
235;1979;7;35.75;155.4;77.0;1534.468018;23.5;1814.0;1272.0;15780.7;6614.0;722.0;294.74;411.79;9.0545
236;1979;8;39.0;160;79.0;1561.894287;23.5;1976.4;1213.0;14793.0;6614.0;665.0;300.82;394.34;9.3067
237;1979;9;39.0;163.75;80.125;1615.608887;23.5;2095.9;1231.0;15399.3;6614.0;724.0;354.95;462.93;13.7593
238;1979;10;39.0;167.5;83.5;1786.220215;23.5;2075.9;1319.0;16012.2;6614.0;707.0;391.66;519.87;16.6331
239;1979;11;39.0;170;83.5;1832.547363;23.5;2090.0;1225.0;16360.5;6614.0;702.0;391.99;505.64;16.6502
240;1979;12;39.0;176.25;108.25;1913.494385;23.5;2214.0;1233.0;16986.6;6945.0;751.0;455.08;600.53;22.4504
241;1980;1;39.0;187.5;106.5;2054.860107;28.09;2601.0;1118.0;17013.0;6584.8;774.0;675.31;806.79;38.8756
242;1980;2;39.0;187.5;106.5;2131.008545;28.09;2918.0;1168.0;17100.4;6978.9;870.0;665.32;882.31;35.2435
243;1980;3;42.0;187.5;106.5;1978.378906;28.09;2306.0;1121.0;17470.3;6733.8;743.0;553.58;746.54;24.73
244;1980;4;54.0;196.25;106.5;1932.455566;28.09;2070.0;969.0;17017.2;6233.3;708.0;517.41;589.06;14.9487
245;1980;5;54.0;205;106.5;1775.803711;28.09;2037.0;772.0;17041.7;6000.8;691.5;513.8;559.65;12.6761
246;1980;6;44.0;205;106.5;1668.960449;28.09;2006.0;739.0;17223.9;6294.9;678.1;600.72;641.84;15.7834
247;1980;7;44.0;205;106.5;1758.074951;28.09;2176.0;811.0;17090.8;6622.2;714.0;643.27;670.35;16.322
248;1980;8;44.0;205;106.5;1783.627197;28.09;2082.1;853.0;17018.4;6584.5;769.0;627.15;644.24;15.9418
249;1980;9;44.0;207;106.5;1655.065674;28.09;2060.0;883.0;17308.3;6655.3;796.0;673.63;695.88;19.8868
250;1980;10;44.0;207;106.5;1626.1521;28.09;2040.0;879.0;16692.1;6691.9;805.0;661.15;675.6;20.2004
251;1980;11;44.0;207;106.5;1503.910156;28.09;2010.0;813.0;15615.5;6452.7;802.0;624.77;632.6;18.5823
252;1980;12;44.0;207;106.5;1430.656738;28.09;1879.0;743.0;14707.0;6391.0;784.0;538.26;604.34;16.4618
253;1981;1;44.0;207;115.0;1430.82959;28.09;1869.1;705.3;14332.7;6403.8;777.4;557.39;536.01;14.7885
254;1981;2;44.0;242.5;115.0;1452.381104;28.09;1801.0;689.3;13633.4;6370.7;731.0;499.76;479.69;13.0646
255;1981;3;44.0;242.5;115.0;1442.951904;28.09;1818.0;729.7;13633.0;6292.4;751.0;499.11;490.88;12.3407
256;1981;4;47.5;135;70.0;1369.234619;28.09;1821.0;758.7;13365.0;6307.0;824.0;495.8;481.17;11.4736
257;1981;5;51.0;215;115.0;1296.99585;28.09;1742.0;696.9;12663.5;6352.2;851.0;479.7;461.92;10.8502
258;1981;6;51.0;215;115.0;1232.406738;28.09;1700.0;712.1;12603.5;6169.4;840.0;461.09;443.42;9.9981
259;1981;7;51.0;180;116.5;1175.311279;28.09;1681.9;784.3;13358.0;6150.2;865.1;409.07;406.71;8.5812
260;1981;8;51.0;160;116.5;1230.828857;28.09;1787.0;824.0;14485.0;5999.2;955.0;410.16;417.6;8.9159
261;1981;9;51.0;160;116.5;1168.911133;28.09;1710.4;763.6;14935.1;5579.0;939.2;443.75;435.61;10.0502
262;1981;10;51.0;160;116.5;1140.181641;28.09;1666.3;716.5;15112.6;5216.8;891.7;437.76;420.25;9.2282
263;1981;11;51.0;136.5;116.5;1081.846436;28.09;1651.4;666.0;15836.2;5100.2;876.9;413.37;397.07;8.5389
264;1981;12;51.0;136.5;94.5;1130.884277;28.09;1655.3;674.3;15951.5;5496.1;845.5;410.09;399.45;8.4481
265;1982;1;51.0;112.5;94.5;1113.3;32.5;1610.6;648.2;16133.1;5628.8;818.5;384.14;369.59;7.9881
266;1982;2;51.0;130;94.5;1087.7;32.5;1598.0;618.0;15992.6;5716.8;822.9;374.13;359.63;8.2848
267;1982;3;51.0;130;94.5;1029.2;32.5;1510.4;612.5;12766.3;5653.3;789.7;330.25;317.62;7.2327
268;1982;4;51.0;122.5;94.5;996.2;32.5;1521.7;574.7;12618.1;5394.0;742.5;350.3;337.93;7.3087
269;1982;5;48.4;122.5;90.0;973.3;32.5;1527.7;574.7;12735.9;5211.9;750.2;333.71;310.39;6.6834
270;1982;6;44.5;122.5;75.0;918.8;32.5;1300.0;520.7;11087.0;5186.6;691.9;314.98;276.26;5.5616
271;1982;7;37.375;122.5;77.5;957.8;32.5;1440.9;552.4;11316.6;5068.6;726.9;338.97;287.97;6.4626
272;1982;8;35.0;125;77.5;958.9;32.5;1451.5;522.9;12195.7;4953.1;715.5;364.23;296.81;7.1078
273;1982;9;35.0;125;77.0;959.5;32.5;1426.5;515.3;12675.7;4310.3;749.5;437.31;334.13;8.7818
274;1982;10;35.0;127.5;79.0;951.5;32.5;1461.0;497.4;12413.8;3916.5;751.3;422.15;334.54;9.3875
275;1982;11;35.0;127.5;72.5;965.2;32.5;1443.8;462.4;11981.9;3433.7;710.0;414.89;345.91;9.7906
276;1982;12;41.25;120;72.5;987.4;32.5;1473.2;448.0;11992.9;3576.3;668.5;444.5;368.72;10.5691
277;1983;1;47.5;124.5;75.0;1076.5;29.0;1571.9;475.3;12082.6;3797.0;699.1;481.29;452.85;12.339
278;1983;2;47.5;124.5;75.5;1230.4;29.0;1647.4;454.5;13034.2;4228.2;681.4;491.09;464.51;13.9756
279;1983;3;47.5;120;75.5;1301.8;29.0;1597.7;443.3;13426.0;4831.9;678.4;419.7;401.06;10.6403
280;1983;4;47.5;109;75.5;1363.6;29.0;1674.9;457.6;13792.8;4817.8;697.5;432.88;413.68;11.6129
281;1983;5;43.0;101.5;75.5;1453.4;29.0;1765.7;433.1;13522.9;5031.6;735.6;438.01;448.52;12.9162
282;1983;6;41.125;120;73.0;1465.6;29.0;1701.2;408.1;13354.0;4883.2;718.4;412.84;422.37;11.739
283;1983;7;37.25;109;73.0;1520.2;29.0;1704.3;403.3;13193.0;4804.1;739.8;402.91;433.27;12.0293
284;1983;8;34.0;110.5;73.0;1603.6;29.0;1639.8;398.0;12826.0;4852.8;808.9;416.2;435.56;12.0626
285;1983;9;34.0;110.5;73.0;1613.7;29.0;1560.7;404.7;12755.3;4910.6;837.8;411.8;431.11;11.9562
286;1983;10;34.0;114;73.0;1566.3;29.0;1435.2;419.4;12750.8;4674.2;859.0;393.6;395.87;9.8867
287;1983;11;32.75;115.5;75.5;1516.8;29.0;1389.1;404.7;12772.5;4585.2;859.1;381.7;387.67;8.8122
288;1983;12;31.5;115.5;75.5;1549.3;29.0;1415.2;402.1;12345.5;4657.0;857.0;388.34;393.22;9.1454
289;1984;1;31.5;116.5;82.5;1548.9;26.15;1375.7;397.5;12117.8;4670.5;957.8;370.89;376.25;8.2538
290;1984;2;31.5;118;82.5;1491.2;26.15;1429.8;404.5;12297.7;4639.8;998.4;385.96;391.23;9.1182
291;1984;3;31.5;141;82.5;1455.8;26.15;1501.2;459.5;12406.1;4780.7;1040.6;394.26;398.43;9.648
292;1984;4;31.5;127.5;81.0;1370.3;26.15;1532.6;481.7;12445.0;4911.5;1004.1;381.37;391.62;9.2472
293;1984;5;31.5;147.5;81.0;1289.1;26.15;1420.9;453.1;12582.8;4811.4;1001.3;377.4;387.86;8.9676
294;1984;6;31.5;155;81.0;1275.0;26.15;1366.5;484.3;12662.2;4773.2;941.5;377.7;381.55;8.7721
295;1984;7;33.8;162.5;86.5;1162.8;26.15;1330.8;493.6;12438.7;4640.3;853.6;347.71;343.32;7.4553
296;1984;8;33.5;165;86.5;1135.8;26.15;1337.5;467.4;12302.2;4736.0;834.1;347.7;339.78;7.5974
297;1984;9;33.5;165;86.5;1012.1;26.15;1293.6;401.6;12091.1;4705.5;873.3;340.2;326.7;7.2533
298;1984;10;35.0;172;86.5;1027.9;26.15;1273.0;412.0;11744.9;4750.3;843.7;341.0;324.34;7.2903
299;1984;11;36.0;166;86.5;1151.8;26.15;1345.1;440.5;11991.2;4748.3;855.1;342.0;328.49;7.4896
300;1984;12;36.0;166;86.5;1095.2;26.15;1321.1;415.6;11722.2;4859.0;859.7;319.54;304.13;6.6355
301;1985;1;36.0;168.5;86.5;1075.4;26.56;1359.1;420.5;11073.4;4947.2;867.1;302.79;274.39;6.0992
302;1985;2;36.0;168.5;87.0;1098.2;26.56;1388.5;368.2;10946.0;5050.8;886.6;299.1;269.4;6.0628
303;1985;3;36.0;105;75.5;1095.3;26.56;1389.9;352.0;11210.6;5211.7;920.9;313.5;260.76;5.994
304;1985;4;36.0;107.5;75.5;1106.3;26.56;1501.8;389.6;11806.4;5489.5;931.3;326.8;282.72;6.4446
305;1985;5;36.0;127.5;87.0;1105.2;26.56;1530.6;376.0;11909.8;5604.1;881.3;316.0;272.38;6.2688
306;1985;6;36.0;112.5;87.0;1032.2;26.56;1432.4;389.4;12385.8;5553.4;808.0;316.5;267.8;6.1771
307;1985;7;36.0;109.5;87.0;1011.6;26.56;1474.6;403.1;12755.8;5090.5;766.8;317.2;268.91;5.9997
308;1985;8;36.0;97.5;87.0;1019.3;26.56;1420.2;413.6;12647.2;4907.5;735.1;330.4;307.8;6.1511
309;1985;9;36.0;87.5;81.5;985.1;26.56;1366.4;400.4;12325.2;4570.2;689.5;323.35;311.15;6.0549
310;1985;10;36.0;80.5;81.5;970.5;26.56;1384.7;393.4;12391.1;4239.5;631.9;325.85;323.46;6.1766
311;1985;11;36.0;87.5;81.5;950.4;26.56;1369.5;394.2;9903.2;4034.5;597.5;321.5;334.4;6.1018
312;1985;12;36.0;87.5;81.5;1039.2;26.56;1390.9;389.9;9114.0;4089.6;685.3;321.9;336.82;5.8522
313;1986;1;36.0;82.5;81.5;1119.24;26.26;1418.3;368.4;7910.0;4034.5;644.0;347.48;363.76;6.0164
314;1986;2;36.0;77;80.0;1114.85;26.26;1405.5;367.3;7922.9;3988.2;608.7;338.89;376.04;5.8588
315;1986;3;36.0;77;80.0;1168.01;26.26;1445.1;367.2;7313.6;4122.6;625.7;345.7;413.64;5.6226
316;1986;4;36.0;72.5;75.0;1164.44;26.26;1434.6;369.5;5686.1;3999.2;659.9;340.44;418.39;5.188
317;1986;5;36.0;72.5;75.0;1164.3;26.26;1418.74;376.5;5474.2;4043.3;707.3;342.4;413.62;5.0728
318;1986;6;36.0;72.5;75.0;1183.04;26.26;1413.14;418.4;5378.3;4087.4;804.2;342.7;432.49;5.1321
319;1986;7;36.0;67.5;72.5;1123.06;26.26;1344.3;379.8;5386.6;3911.0;807.1;348.34;438.8;5.0259
320;1986;8;36.0;71;72.5;1129.23;26.26;1303.1;392.2;5404.3;3807.4;816.0;376.66;540.33;5.1823
321;1986;9;36.0;65;66.5;1205.82;26.26;1347.0;407.2;5397.2;3723.6;871.1;417.73;604.48;5.6299
322;1986;10;36.0;62.5;66.5;1161.94;26.26;1316.8;434.6;5542.8;3644.2;886.2;423.51;581.25;5.6398
323;1986;11;36.0;64.5;65.5;1131.81;26.26;1303.2;473.4;6092.3;3642.0;820.0;397.56;517.07;5.5513
324;1986;12;36.0;64.5;65.5;1133.48;26.26;1335.6;518.4;6428.1;3571.5;798.2;390.92;480.61;5.3504
325;1987;1;36.0;64;63.0;1171.4;25.3;1346.0;464.1;6712.7;3525.2;759.7;408.26;515.97;5.507
326;1987;2;36.0;68;61.5;1283.44;25.3;1379.83;460.4;6688.4;3717.0;740.4;401.12;517.86;5.4842
327;1987;3;36.0;70.5;61.5;1367.26;25.3;1465.72;487.0;6631.5;3772.1;731.6;408.91;532.63;5.6644
328;1987;4;34.5;77.5;61.5;1400.97;25.3;1484.24;555.6;6699.8;3897.8;761.9;438.35;585.65;7.3495
329;1987;5;34.5;87.5;61.5;1411.6;25.3;1520.44;693.3;6747.4;4435.7;838.7;460.23;606.73;8.4602
330;1987;6;34.5;87.5;61.5;1472.33;25.3;1571.87;629.3;6610.4;4435.7;878.4;449.59;569.0;7.4164
331;1987;7;34.5;87.5;70.0;1653.09;25.3;1694.62;663.6;6404.9;4753.2;829.8;450.52;572.35;7.6087
332;1987;8;34.5;85;70.0;1810.37;25.3;1756.31;659.3;6556.1;5306.5;804.1;461.15;609.92;7.8424
333;1987;9;33.25;85;70.0;1746.28;25.3;1811.01;646.8;6406.3;5333.0;756.7;460.38;590.0;7.6064
334;1987;10;32.0;92.5;73.0;1962.66;25.3;1967.2;601.4;6763.8;5692.3;769.9;465.35;568.05;7.6074
335;1987;11;32.0;92.5;73.0;1681.0;25.3;2523.9;642.2;6927.3;5937.0;848.0;467.57;500.3;6.762
336;1987;12;32.0;92.5;81.0;1823.93;25.3;2868.9;659.1;6829.4;7661.1;866.3;486.24;500.22;6.8125
337;1988;1;32.0;92.5;82.0;2002.46;24.3;2663.2;666.8;6808.1;8073.3;878.5;476.58;494.07;6.7446
338;1988;2;32.0;97.5;83.0;2138.02;24.3;2330.2;655.7;6690.1;8666.9;876.4;442.07;458.51;6.3414
339;1988;3;32.0;105;83.0;2526.41;24.3;2359.3;648.7;6772.9;15496.8;981.9;443.61;496.38;6.4105
340;1988;4;32.0;97.5;83.0;2508.35;24.3;2286.3;649.4;6752.6;18011.8;1069.2;451.55;526.98;6.4803
341;1988;5;32.0;110;84.5;2988.16;24.3;2447.99;668.3;6777.6;17025.0;1176.7;451.07;548.84;6.5404
342;1988;6;32.0;110;84.5;3577.86;24.3;2540.27;677.5;7035.8;15589.8;1365.3;451.33;579.63;7.0155
343;1988;7;32.0;110;84.5;2582.05;24.3;2213.51;619.3;7148.8;14591.3;1237.4;437.63;548.64;7.0412
344;1988;8;31.2;130;93.0;2701.14;24.3;2200.68;601.6;7322.7;14187.0;1309.2;431.28;532.88;6.7131
345;1988;9;31.0;130;90.0;2387.12;24.3;2435.53;609.8;7408.5;11878.4;1330.3;413.46;512.57;6.3781
346;1988;10;31.0;130;91.5;2309.49;24.3;2939.51;655.2;7252.7;11557.5;1519.9;406.78;525.73;6.2812
347;1988;11;31.0;130;91.5;2381.76;24.3;3304.66;691.4;7312.4;13342.0;1559.0;420.17;575.78;6.2947
348;1988;12;31.0;120;91.5;2502.65;24.3;3498.91;731.0;7337.4;16920.0;1594.3;419.05;564.11;6.1245
349;1989;1;31.0;120;91.5;2397.55;27.83;3394.06;675.7;7409.6;17725.0;1734.0;404.01;526.93;5.995
350;1989;2;31.0;120;101.5;2183.05;27.83;3096.92;621.6;7873.7;18523.8;1932.4;387.51;531.94;5.8847
351;1989;3;31.0;120;100.5;2073.71;27.83;3264.14;589.2;8760.5;17157.1;1961.6;390.15;538.03;5.9592
352;1989;4;31.0;113.5;98.5;2125.75;27.83;3117.91;608.1;10195.9;15261.3;1656.4;384.4;537.67;5.7926
353;1989;5;31.0;113.5;98.5;2259.31;27.83;2738.98;643.4;10143.7;13454.2;1628.4;371.05;516.75;5.4531
354;1989;6;31.0;113.5;98.5;1914.16;27.83;2546.01;666.1;9935.5;12142.6;1539.0;367.6;497.35;5.2707
355;1989;7;31.0;113.5;98.5;1755.93;27.83;2505.0;691.6;9605.2;12275.0;1616.9;375.04;501.91;5.2167
356;1989;8;31.0;82.5;98.5;1798.32;27.83;2762.2;702.3;8715.6;12909.7;1730.4;365.14;484.64;5.1823
357;1989;9;31.0;82.5;98.5;1717.93;27.83;2884.4;728.1;8269.7;11222.1;1628.9;361.75;477.67;5.1338
358;1989;10;31.0;72.5;98.5;1820.02;27.83;2861.4;751.8;7922.4;10424.9;1584.6;366.88;485.82;5.1449
359;1989;11;31.0;86;98.5;1736.09;27.83;2591.3;692.8;6837.3;9793.2;1437.6;394.26;510.19;5.4833
360;1989;12;31.0;98;98.5;1633.26;27.83;2418.6;711.0;6744.1;8809.2;1455.0;409.39;506.81;5.5688
361;1990;1;31.0;104.5;98.5;1528.25;32.5;2366.64;707.8;6592.0;7055.9;1297.0;410.11;497.66;5.2462
362;1990;2;31.0;106.25;98.5;1454.28;32.5;2360.16;779.8;6156.1;6976.9;1396.8;416.81;516.1;5.2893
363;1990;3;31.0;111;97.375;1567.39;32.5;2625.61;1062.3;6270.5;9266.8;1607.4;393.06;497.06;5.0766
364;1990;4;31.0;111;93.2;1525.55;32.5;2686.15;836.1;6390.9;8939.5;1685.6;374.24;478.15;5.0655
365;1990;5;31.0;107;93.5;1526.93;32.5;2741.95;825.6;6324.6;8698.0;1774.6;369.05;488.55;5.0791
366;1990;6;31.5;107;93.5;1565.79;32.5;2584.56;838.0;6096.0;8422.1;1714.8;352.33;481.11;4.9182
367;1990;7;31.5;107;93.5;1570.96;32.5;2769.49;875.4;5924.4;9318.2;1637.0;362.53;478.79;4.8749
368;1990;8;31.5;114.875;93.5;1782.02;32.5;2957.03;876.1;5905.2;10957.4;1615.1;394.73;492.73;5.008
369;1990;9;31.5;90.625;93.5;2066.53;32.5;3031.37;838.5;5707.0;10844.0;1537.5;389.32;461.66;4.8038
370;1990;10;31.5;136.5;93.5;1945.7;32.5;2743.56;760.9;6061.4;9145.4;1352.6;380.74;424.95;4.3891
371;1990;11;31.5;144.5;93.5;1617.5;32.5;2585.89;701.2;5981.3;8587.4;1277.7;381.73;422.24;4.1729
372;1990;12;31.5;147.5;93.5;1522.44;32.5;2485.38;624.8;5615.2;8157.6;1265.4;376.95;420.07;4.0751
373;1991;1;31.5;151;93.5;1515.18;34.76;2448.52;600.4;5623.2;8568.8;1206.2;383.64;407.84;4.0517
374;1991;2;31.5;151;95.625;1504.6;34.76;2449.38;593.8;5583.7;8672.3;1188.1;363.83;386.79;3.7376
375;1991;3;31.5;145;95.625;1496.0;34.76;2409.63;603.0;5517.4;8700.8;1198.6;363.34;399.99;3.9428
376;1991;4;31.5;143.5;108.0;1391.86;34.76;2472.04;600.9;5560.0;9021.0;1252.9;358.38;396.88;3.9755
377;1991;5;31.5;138.5;112.0;1296.05;34.76;2305.88;555.2;5701.7;8452.4;1090.9;356.95;389.64;4.0462
378;1991;6;31.5;135.5;112.0;1275.15;34.76;2219.28;549.4;5710.6;8280.0;1061.6;366.72;376.05;4.3898
379;1991;7;31.5;132.5;110.4;1296.78;34.76;2236.28;548.1;5669.6;8541.3;1063.1;367.69;376.03;4.3475
380;1991;8;31.5;132.5;110.0;1256.45;34.76;2233.19;540.2;5638.8;8144.7;1046.3;356.31;346.35;3.9573
381;1991;9;31.5;132.5;110.0;1211.81;34.76;2324.57;539.8;5570.3;7680.7;1023.2;348.74;349.34;4.0375
382;1991;10;31.5;132.5;110.0;1150.03;34.76;2363.64;522.3;5549.6;7443.0;991.7;358.69;362.48;4.1154
383;1991;11;31.5;134.375;110.0;1134.8;34.76;2379.84;506.2;5505.5;7244.6;1093.3;360.17;365.11;4.0723
384;1991;12;31.5;131.875;110.0;1097.55;34.76;2223.14;532.1;5510.1;7117.8;1188.0;361.73;353.3;3.9427
385;1992;1;31.5;122.5;110.0;1177.07;33.1;2139.23;514.9;5476.9;7517.3;1153.7;354.45;341.19;4.11
386;1992;2;31.5;120.625;110.0;1266.83;33.1;2205.97;505.0;5615.7;7861.9;1130.7;353.91;362.12;4.1457
387;1992;3;31.5;120;110.0;1280.47;33.1;2227.33;521.2;5632.0;7417.7;1214.6;344.34;356.94;4.1101
388;1992;4;31.5;120;110.0;1317.05;33.1;2215.33;532.8;5838.9;7420.6;1304.3;338.62;347.3;4.0505
389;1992;5;31.5;120;110.0;1306.79;33.1;2216.52;520.3;6121.1;7326.8;1372.9;337.24;358.59;4.0715
390;1992;6;31.5;120;110.0;1275.55;33.1;2299.2;548.1;6618.8;7192.8;1385.2;340.81;369.13;4.0639
391;1992;7;31.5;120;110.0;1313.05;33.1;2520.32;626.1;6989.4;7497.9;1320.2;352.72;383.12;3.9675
392;1992;8;31.5;120;113.6;1305.05;33.1;2521.64;654.5;6780.4;7268.0;1360.4;343.06;359.55;3.8123
393;1992;9;31.5;120;114.5;1269.61;33.1;2414.06;621.1;6643.2;6917.5;1366.9;345.43;362.14;3.7719
394;1992;10;31.5;116.875;114.5;1173.78;33.1;2249.15;537.4;6016.7;6305.3;1163.6;344.38;358.07;3.7525
395;1992;11;31.5;107.5;114.5;1159.05;33.1;2158.32;460.4;5723.0;5564.88;1046.9;335.02;356.11;3.771
396;1992;12;31.5;103.75;114.0;1207.1;33.1;2206.82;454.6;5756.2;5724.07;1057.9;334.82;361.97;3.7252
397;1993;1;31.5;102.5;113.0;1206.76;29.09;2256.85;436.5;5900.9;5930.93;1061.1;329.01;359.14;3.6835
398;1993;2;31.5;102.5;112.5;1201.85;29.09;2212.6;414.0;5790.9;6038.68;1072.1;329.31;359.02;3.6555
399;1993;3;31.5;86.2;112.5;1151.33;29.09;2152.59;405.9;5659.4;5971.3;996.1;330.08;350.46;3.647
400;1993;4;31.5;81;112.5;1108.53;29.09;1949.88;420.7;5590.9;5972.33;1004.6;342.15;368.01;3.9516
401;1993;5;31.5;81;112.5;1123.96;29.09;1794.5;407.2;5503.5;5762.55;980.4;367.18;385.16;4.464
402;1993;6;31.5;81;112.5;1165.3;29.09;1853.42;393.9;5112.7;5532.43;926.0;371.89;383.02;4.3757
403;1993;7;31.5;81;112.5;1202.13;29.09;1927.16;388.2;4972.6;5036.2;927.6;392.19;403.65;5.0194
404;1993;8;31.5;81;112.5;1172.14;29.09;1947.45;388.4;4809.3;4721.81;884.0;378.84;391.9;4.8377
405;1993;9;31.5;81;112.5;1115.38;29.09;1861.86;375.7;4493.6;4352.89;874.2;355.28;362.46;4.2185
406;1993;10;31.5;81;112.5;1087.1;29.09;1646.4;384.3;4681.1;4448.9;914.9;364.18;367.91;4.343
407;1993;11;31.5;82.8;112.5;1039.81;29.09;1630.02;400.3;4640.9;4633.89;928.4;373.83;374.41;4.5332
408;1993;12;31.5;85.5;112.5;1094.3;29.09;1724.19;461.2;4777.9;5119.12;974.4;383.3;383.17;4.9717
409;1994;1;31.5;85.5;112.5;1174.59;26.47;1805.35;490.1;4942.8;5577.95;996.7;386.88;387.8;5.1458
410;1994;2;31.5;85.5;112.5;1269.93;26.47;1866.4;485.4;5443.4;5824.95;968.9;381.91;394.02;5.2473
411;1994;3;31.5;98.625;112.5;1289.03;26.47;1914.87;451.5;5405.4;5587.54;935.9;384.13;400.28;5.435
412;1994;4;31.5;103.5;112.5;1278.72;26.47;1881.82;439.9;5385.7;5407.97;923.6;377.27;397.9;5.352
413;1994;5;31.5;103.5;112.5;1322.59;26.47;2150.6;473.5;5504.4;6086.65;955.6;381.43;398.01;5.4195
414;1994;6;31.5;103.5;112.5;1400.58;26.47;2364.2;525.1;5509.2;6281.84;966.2;385.64;401.09;5.3876
415;1994;7;31.5;106.5;112.5;1492.42;26.47;2458.19;580.1;5311.2;6226.76;964.0;385.49;411.95;5.2823
416;1994;8;31.5;88;112.5;1455.36;26.47;2406.23;570.8;5161.5;5859.5;944.9;380.36;412.19;5.1972
417;1994;9;31.5;88;112.5;1569.22;26.47;2505.93;613.5;5321.1;6364.75;992.4;391.58;417.28;5.5237
418;1994;10;31.5;88;112.5;1698.05;26.47;2547.67;641.8;5473.6;6748.29;1058.5;389.77;419.4;5.4541
419;1994;11;33.5;88;112.5;1892.59;26.47;2802.45;667.2;6161.1;7556.14;1151.7;384.39;412.37;5.1924
420;1994;12;33.5;88;112.5;1878.31;26.47;2985.3;634.3;5946.8;8555.5;1114.3;379.29;410.85;4.7795
421;1995;1;33.5;159.6;112.5;2060.55;28.38;3008.93;666.6;6199.3;9592.55;1156.5;378.55;413.9;4.7731
422;1995;2;31.5;177.5;112.5;1916.15;28.38;2877.65;579.9;5478.3;8505.45;1032.2;376.64;413.97;4.7215
423;1995;3;31.5;191.25;112.5;1805.07;28.38;2924.04;585.6;5532.4;7531.91;1022.2;382.12;416.89;4.6485
424;1995;4;31.5;205;112.5;1849.0;28.38;2903.5;608.5;5872.1;7397.83;1061.4;391.03;448.29;5.4777
425;1995;5;31.5;159;112.5;1762.69;28.38;2773.31;596.5;5926.5;7232.19;1036.2;385.22;437.35;5.5598
426;1995;6;31.5;90;112.5;1780.05;28.38;2994.64;611.8;6670.7;7871.57;1009.6;387.56;438.53;5.3637
427;1995;7;33.5;90;112.5;1860.1;28.38;3075.67;621.9;6668.9;8596.57;1026.8;386.23;433.63;5.1648
428;1995;8;33.5;90;112.5;1888.32;28.38;3036.84;623.6;6992.3;8944.66;1014.4;383.67;425.34;5.3982
429;1995;9;33.5;90;112.5;1760.83;28.38;2915.52;592.7;6328.1;8405.21;986.2;383.06;429.65;5.4295
430;1995;10;33.5;90;112.5;1674.32;28.38;2813.55;639.1;6220.7;8061.73;979.1;383.14;412.66;5.3741
431;1995;11;33.5;90;112.5;1654.07;28.38;2977.36;713.6;6386.9;8505.91;1030.7;385.31;413.12;5.3151
432;1995;12;33.5;90;112.5;1656.74;28.38;2926.26;731.6;6289.5;8090.89;1018.1;387.44;408.71;5.1769
433;1996;1;33.5;90;112.5;1589.34;30.0;2616.41;709.5;6271.6;7862.05;1019.1;399.45;415.48;5.4605
434;1996;2;33.5;90;112.5;1591.55;30.0;2537.71;769.7;6195.5;8215.55;1035.8;404.76;420.21;5.6567
435;1996;3;33.5;90;112.5;1612.48;30.0;2561.02;817.9;6196.4;8021.74;1063.9;396.21;411.19;5.5241
436;1996;4;33.5;160.4;112.5;1587.23;30.0;2595.78;815.0;6480.9;8042.85;1045.4;392.85;404.39;5.4209
437;1996;5;33.5;169.5;112.5;1589.26;30.0;2658.26;840.2;6412.4;8026.55;1035.8;391.93;401.42;5.3652
438;1996;6;33.5;172.125;112.5;1482.48;30.0;2173.4;796.5;6191.9;7709.48;1008.5;385.27;392.25;5.1615
439;1996;7;32.9;184.5;112.5;1458.7;30.0;1985.57;783.7;6250.2;7203.65;1000.1;383.47;393.66;5.0653
440;1996;8;32.5;187;112.5;1463.36;30.0;2008.57;815.7;6110.2;7054.36;1006.9;387.35;400.03;5.1354
441;1996;9;32.5;181.4;112.5;1407.38;30.0;1941.45;796.4;6101.9;7318.05;1000.3;383.14;389.86;5.0388
442;1996;10;32.5;172.25;112.5;1336.34;30.0;1961.17;741.9;5941.9;7031.39;1003.1;381.07;384.18;4.9276
443;1996;11;32.5;172.625;112.5;1449.52;30.0;2230.86;716.6;5991.7;6943.38;1046.5;377.85;381.98;4.8332
444;1996;12;32.5;174.5;112.5;1500.29;30.0;2268.08;688.8;5836.3;6580.75;1036.3;369.0;370.7;4.8264
445;1997;1;32.5;173.5;112.5;1575.61;30.15;2434.93;692.3;5877.7;7071.55;1086.5;355.11;360.1;4.7747
446;1997;2;32.5;160.375;112.5;1580.01;30.15;2405.85;660.2;5883.2;7734.53;1179.4;346.58;365.01;5.0722
447;1997;3;32.5;148;112.5;1631.57;30.15;2421.29;694.6;5909.2;7895.87;1254.8;351.81;378.9;5.1962
448;1997;4;32.5;135;112.5;1561.44;30.15;2391.18;642.5;5713.3;7315.52;1240.4;344.47;371.08;4.7726
449;1997;5;32.5;113.125;112.5;1625.25;30.15;2514.33;618.6;5711.2;7482.85;1310.5;343.84;387.5;4.7496
450;1997;6;32.5;108.5;112.5;1567.55;30.15;2612.62;614.9;5566.1;7062.48;1354.2;340.76;430.76;4.7569
451;1997;7;32.5;112.5;112.5;1591.99;30.15;2450.46;634.3;5442.7;6835.5;1518.0;324.1;415.52;4.3724
452;1997;8;32.5;102.5;112.5;1710.58;30.15;2251.2;608.1;5428.4;6761.3;1653.5;324.01;424.55;4.4964
453;1997;9;32.5;88.3;112.5;1610.6;30.15;2107.3;634.3;5496.3;6503.84;1640.9;322.82;424.73;4.7319
454;1997;10;32.5;87.5;112.5;1607.86;30.15;2052.26;600.3;5561.3;6380.33;1280.1;324.87;423.12;5.0348
455;1997;11;32.5;90.625;112.5;1598.99;30.15;1917.45;563.4;5658.0;6139.5;1173.0;306.04;392.29;5.0779
456;1997;12;32.5;90;112.5;1530.51;30.15;1762.33;526.6;5513.8;5945.36;1102.2;288.74;365.42;5.8368
457;1998;1;32.5;86.25;112.5;1485.79;31.0;1688.45;531.6;5206.3;5491.75;1097.2;289.1;373.86;5.8871
458;1998;2;32.5;77.5;112.5;1465.56;31.0;1664.8;516.4;5242.5;5386.88;1044.0;297.49;386.08;6.8069
459;1998;3;32.5;84.5;112.5;1437.7;31.0;1747.98;559.8;5476.8;5395.8;1047.6;295.94;398.99;6.2429
460;1998;4;32.5;100;112.5;1418.16;31.0;1800.9;572.7;5714.8;5393.88;1097.0;308.29;413.75;6.341
461;1998;5;32.5;95;112.5;1364.72;31.0;1732.53;543.5;5874.7;5020.0;1061.1;299.1;388.9;5.575
462;1998;6;32.5;88.4;112.5;1307.24;31.0;1660.52;528.3;5970.0;4475.7;1009.8;292.32;355.43;5.263
463;1998;7;32.5;86;112.5;1309.21;31.0;1651.04;546.2;5653.7;4325.43;1040.3;292.87;378.43;5.4552
464;1998;8;32.5;85.5;112.5;1310.9;31.0;1620.93;536.7;5691.5;4080.63;1029.8;284.11;369.18;5.1792
465;1998;9;32.5;83.625;112.5;1342.27;31.0;1647.64;520.2;5485.7;4102.16;1000.0;288.98;361.15;4.9992
466;1998;10;32.5;75.625;112.5;1304.06;31.0;1586.39;492.8;5432.1;3871.93;940.5;295.93;342.6;5.0092
467;1998;11;32.5;70.7;112.5;1294.96;31.0;1573.95;494.2;5478.3;4131.91;967.1;294.12;347.18;4.9733
468;1998;12;32.5;65.5;112.5;1249.06;31.0;1473.57;501.3;5257.6;3878.21;959.2;291.68;351.79;4.8775
469;1999;1;32.5;64.5;112.5;1218.46;27.59;1431.18;492.3;5109.8;4268.75;932.8;287.08;355.11;5.1393
470;1999;2;41.125;64;112.5;1186.85;27.59;1410.78;513.7;5268.5;4626.38;1017.3;287.33;364.07;5.5306
471;1999;3;44.0;75.5;112.5;1181.59;27.59;1378.35;507.8;5360.2;5011.3;1030.0;285.96;369.93;5.1942
472;1999;4;44.0;64.5;112.5;1278.2;27.59;1466.0;519.3;5393.0;5102.63;1019.0;282.62;357.15;5.0603
473;1999;5;44.0;64.9;112.5;1323.46;27.59;1511.16;541.5;5649.2;5399.34;1040.3;276.44;356.01;5.2619
474;1999;6;44.0;63.75;112.5;1315.31;27.59;1422.48;496.1;5265.9;5195.0;1000.5;261.31;356.78;5.0269
475;1999;7;44.0;62.75;112.5;1403.76;27.59;1640.0;495.8;5230.0;5700.11;1072.1;256.08;349.06;5.1797
476;1999;8;44.0;65.7;112.5;1431.32;27.59;1647.62;503.1;5230.2;6448.69;1130.6;256.69;350.06;5.2603
477;1999;9;44.0;67.5;112.5;1492.48;27.59;1750.34;507.3;5342.5;7028.41;1193.8;264.74;370.93;5.2089
478;1999;10;44.0;65.375;112.5;1474.41;27.59;1724.12;497.1;5430.7;7321.19;1148.7;310.72;421.14;5.4123
479;1999;11;44.0;66;112.5;1472.76;27.59;1727.55;478.3;5842.1;7949.55;1147.2;293.18;434.02;5.1538
480;1999;12;44.0;66.83333333;112.5;1554.48;27.59;1764.75;479.1;5721.3;8083.38;1183.8;283.07;439.13;5.1573
481;2000;1;44.0;77.4;112.5;1680.28;28.79;1843.98;472.1;5927.8;8309.5;1178.8;284.32;441.0;5.1882
482;2000;2;44.0;90.125;112.5;1670.27;28.79;1800.83;452.4;5642.1;9653.33;1094.9;299.86;519.71;5.2467
483;2000;3;44.0;88.75;112.5;1577.05;28.79;1739.39;441.3;5457.8;10280.11;1116.4;286.39;479.33;5.0649
484;2000;4;44.0;83.25;112.5;1457.14;28.79;1678.75;421.1;5384.4;9727.5;1127.6;279.69;497.55;5.0645
485;2000;5;44.0;91;112.5;1466.79;28.79;1785.62;412.1;5451.2;10130.24;1156.9;275.19;525.89;4.9796
486;2000;6;44.0;105.125;112.5;1506.31;28.79;1753.18;419.6;5456.8;8410.91;1117.9;285.73;559.73;4.9976
487;2000;7;44.0;121.7;112.5;1563.5;28.79;1799.36;452.1;5343.8;8164.41;1136.2;281.59;560.29;4.9692
488;2000;8;44.0;133.375;112.5;1527.63;28.79;1855.86;473.1;5304.8;8006.71;1169.8;274.47;577.61;4.8864
489;2000;9;44.0;113.875;112.5;1601.21;28.79;1960.41;487.1;5474.3;8637.98;1224.4;273.68;591.9;4.8904
490;2000;10;44.0;111.1;112.5;1500.24;28.79;1898.59;486.1;5282.3;7678.07;1095.9;270.0;579.72;4.8302
491;2000;11;44.0;99.375;112.5;1473.86;28.79;1795.11;468.0;5269.5;7339.77;1059.0;266.01;593.34;4.6814
492;2000;12;44.0;96;112.5;1565.41;28.79;1850.55;462.3;5233.7;7314.34;1059.8;271.45;609.5;4.6398
493;2001;1;44.0;121;112.5;1615.65;30.03;1787.5;478.1;5170.5;6994.77;1033.1;265.49;620.47;4.6571
494;2001;2;44.0;105.25;112.5;1604.36;30.03;1765.65;501.8;5121.8;6524.13;1020.9;261.87;600.92;4.5574
495;2001;3;44.0;98.875;112.5;1509.17;30.03;1738.77;498.4;5046.4;6133.52;1004.7;263.03;584.23;4.404
496;2001;4;44.0;95.3;112.5;1496.91;30.03;1664.16;477.5;4949.2;6329.87;969.4;260.48;594.86;4.365
497;2001;5;44.0;85;112.5;1538.77;30.03;1682.21;466.7;4945.0;7060.83;938.0;272.36;610.7;4.4333
498;2001;6;44.0;87.5;112.5;1466.13;30.03;1608.45;444.1;4828.3;6641.19;894.9;270.23;579.72;4.3738
499;2001;7;44.0;87.5;112.5;1416.39;30.03;1525.21;461.6;4350.9;5937.05;852.4;267.53;530.84;4.2543
500;2001;8;44.0;88.75;112.5;1377.08;30.03;1464.43;483.0;3895.7;5520.8;828.1;272.39;451.7;4.2208
501;2001;9;44.0;94.5;112.5;1344.56;30.03;1426.33;464.8;3694.5;5027.0;798.6;283.42;457.9;4.353
502;2001;10;44.0;96.1;112.5;1282.5;30.03;1377.28;468.1;3750.7;4825.33;761.5;283.06;431.39;4.4012
503;2001;11;44.0;96.5;112.5;1327.46;30.03;1427.73;486.5;4041.8;5078.41;772.9;276.16;429.89;4.1226
504;2001;12;44.0;101.1666667;112.5;1344.63;30.03;1471.74;483.3;4018.5;5263.82;754.7;275.85;461.73;4.3695
505;2002;1;44.0;104.125;112.5;1368.59;29.31;1503.96;513.1;3861.9;6043.18;793.2;281.51;472.11;4.5149
506;2002;2;44.0;99.625;112.5;1369.34;29.31;1561.9;480.0;3730.8;6029.25;771.3;295.5;471.15;4.4232
507;2002;3;44.0;90.25;112.5;1405.0;29.31;1604.88;480.2;3842.8;6537.5;819.3;294.06;512.05;4.5393
508;2002;4;44.0;84.7;112.5;1369.99;29.31;1590.33;472.4;4023.6;6958.21;808.2;302.68;539.2;4.5757
509;2002;5;44.0;85.5;112.5;1343.3;29.31;1595.68;451.9;4149.8;6761.36;769.5;314.49;533.85;4.6992
510;2002;6;44.0;92.75;112.5;1353.97;29.31;1647.53;440.0;4286.1;7119.86;767.1;321.18;554.7;4.9044
511;2002;7;44.0;94.2;112.5;1338.09;29.31;1589.46;446.1;4331.3;7142.72;794.9;313.29;526.2;4.9186
512;2002;8;44.0;105;112.5;1291.6;29.31;1479.55;423.2;3834.0;6717.14;747.6;310.26;544.84;4.5403
513;2002;9;44.0;93;112.5;1301.25;29.31;1478.71;421.3;3957.4;6640.24;756.2;319.14;556.33;4.5536
514;2002;10;44.0;92.25;112.5;1310.58;29.31;1483.76;418.2;4241.5;6804.46;754.7;316.56;580.2;4.4013
515;2002;11;44.0;92.25;112.5;1372.2;29.31;1582.29;442.2;4230.0;7313.93;765.3;319.07;588.1;4.5108
516;2002;12;44.0;99.375;112.5;1375.07;29.31;1595.68;443.6;4236.8;7193.16;797.7;331.92;595.44;4.6313
517;2003;1;44.0;112;112.5;1378.284;31.95;1647.66;444.659;4435.68;8026.02;781.409;356.859;627.91;4.8062
518;2003;2;44.0;132.125;112.5;1422.16;31.95;1683.8;475.825;4570.75;8623.0;785.15;358.97;681.7;4.6551
519;2003;3;44.0;138.9;112.5;1389.274;31.95;1658.976;456.667;4604.524;8378.81;790.952;340.55;674.33;4.5283
520;2003;4;44.0;118.625;112.5;1332.013;31.95;1587.475;437.375;4565.75;7910.125;754.65;328.18;624.91;4.4932
521;2003;5;44.0;128.125;112.5;1398.488;31.95;1648.275;463.5;4736.75;8330.625;775.65;355.683;650.36;4.7413
522;2003;6;44.0;133.9;112.5;1409.845;31.95;1686.5;468.024;4694.762;8874.762;790.69;356.352;661.67;4.5262
523;2003;7;44.0;142.75;112.5;1436.087;31.95;1710.0;514.783;4739.348;8797.391;827.543;351.02;681.52;4.797
524;2003;8;44.0;141.5;112.5;1456.313;31.95;1760.275;496.525;4822.5;9351.375;817.875;359.768;692.19;4.9893
525;2003;9;44.0;146.8;112.5;1415.568;31.95;1789.523;521.273;4911.591;9965.341;818.182;378.945;705.25;5.1708
526;2003;10;44.0;150.625;112.5;1474.25;31.95;1920.543;587.326;5236.739;11047.17;897.957;378.92;732.48;5.0022
527;2003;11;44.0;153.5;112.5;1508.338;31.95;2055.425;622.325;5362.75;12086.5;914.525;389.91;760.38;5.1777
528;2003;12;44.0;159.375;112.5;1554.905;31.95;2201.286;692.071;6057.619;14162.5;977.762;406.953;807.87;5.6276
529;2004;1;44.0;160.25;112.5;1606.488;37.9;2423.571;758.381;6485.0;15326.548;1017.0;413.788;849.93;6.3005
530;2004;2;44.0;134.5;112.5;1685.625;37.9;2759.525;888.475;6672.75;15145.125;1087.675;404.878;846.32;6.4406
531;2004;3;44.0;130.5;112.5;1655.989;37.9;3008.717;886.478;7619.783;13715.0;1105.783;406.667;899.76;7.2254
532;2004;4;44.0;128.375;112.5;1729.738;37.9;2948.725;753.675;8955.75;12848.125;1032.725;403.26;880.64;7.1486
533;2004;5;44.0;135.9;112.5;1623.224;37.9;2733.5;808.895;9459.474;11118.289;1028.289;383.779;809.83;5.8674
534;2004;6;44.0;158.25;112.5;1677.716;37.9;2686.705;870.318;9204.773;13533.523;1021.455;392.373;807.55;5.8618
535;2004;7;44.0;185;112.5;1709.273;37.9;2808.432;939.591;9044.318;15023.295;988.318;398.091;809.52;6.3141
536;2004;8;44.0;196.2;125.9;1692.19;37.9;2846.095;921.81;9021.905;13679.524;975.81;400.51;848.68;6.66
537;2004;9;44.0;218.125;143.5;1723.602;37.9;2894.864;935.455;9019.545;13270.909;975.182;405.275;847.89;6.4034
538;2004;10;44.0;242.125;146.0;1819.57;37.9;3012.238;932.762;9045.238;14404.286;1064.952;420.464;841.43;7.095
539;2004;11;44.0;224.5;151.2;1813.898;37.9;3122.795;967.795;9070.455;14045.455;1095.636;439.375;854.41;7.4926
540;2004;12;44.0;185.25;152.5;1849.179;37.9;3145.452;974.905;8553.81;13768.81;1180.214;442.079;848.24;7.085
541;2005;1;44.0;184.6;152.5;1834.425;65.0;3170.0;953.15;7735.75;14505.0;1246.375;424.03;859.07;6.619
542;2005;2;44.0;185.75;152.5;1882.85;65.0;3253.7;977.55;8088.75;15349.5;1326.175;423.35;864.32;7.03
543;2005;3;44.0;217.125;152.5;1979.85;65.0;3379.49;1004.0;8407.39;16190.65;1372.15;433.85;866.83;7.2282
544;2005;4;44.0;242.125;152.5;1894.286;65.0;3394.476;985.762;8143.81;16141.905;1300.143;429.233;864.86;7.1188
545;2005;5;44.0;256;152.5;1743.7;65.0;3249.1;988.075;8125.0;16931.5;1243.625;421.873;866.23;7.0224
546;2005;6;44.0;217.5;152.5;1731.295;65.0;3524.068;986.068;7618.864;16159.545;1275.727;430.657;880.09;7.3105
547;2005;7;44.0;221.875;152.5;1778.786;65.0;3614.214;854.476;7169.286;14580.714;1194.429;424.479;873.67;7.0145
548;2005;8;44.0;208.5;152.5;1867.841;65.0;3797.75;887.023;7188.864;14892.727;1298.386;437.93;898.43;7.0334
549;2005;9;44.0;210.375;152.5;1839.909;65.0;3857.841;933.068;6783.864;14228.182;1397.523;456.048;914.64;7.1536
550;2005;10;44.0;215.5;152.5;1928.714;65.0;4059.762;1004.762;6422.857;12402.857;1488.381;469.898;931.0;7.6705
551;2005;11;44.0;235;167.5;2050.591;65.0;4269.341;1018.409;6160.0;12115.682;1610.932;476.666;962.61;7.8725
552;2005;12;44.0;213.875;167.5;2247.45;65.0;4576.775;1124.075;6713.5;13429.25;1821.825;510.097;976.59;8.627
553;2006;1;44.0;202.3;167.5;2377.857;67.2;4734.333;1256.333;7051.429;14555.238;2090.31;549.864;1026.05;9.1391
554;2006;2;44.0;213.875;167.5;2455.325;65.2;4982.4;1277.05;7826.25;14978.75;2219.375;554.995;1041.5;9.5349
555;2006;3;44.0;243.125;167.5;2429.13;66.7;5102.848;1192.087;7939.565;14897.391;2416.913;557.093;1041.09;10.3838
556;2006;4;44.0;247.5;167.5;2621.111;67.3;6387.778;1170.417;8853.056;17942.222;3084.778;610.653;1098.75;12.6144
557;2006;5;44.0;229.5;167.5;2861.476;67.3;8045.857;1166.857;8837.381;21077.143;3565.69;675.393;1260.83;13.3772
558;2006;6;44.0;210;167.5;2477.341;69.3;7197.614;963.864;7896.364;20754.545;3225.682;596.145;1188.55;10.7964
559;2006;7;44.0;205.5;172.5;2512.714;70.5;7712.095;1052.381;8418.571;26586.19;3339.857;633.71;1228.83;11.2324
560;2006;8;44.0;210.5;192.5;2459.932;69.8;7695.659;1174.136;8502.045;30743.636;3347.295;632.593;1233.52;12.1874
561;2006;9;44.0;215.125;192.5;2472.881;70.0;7602.357;1342.381;9039.286;30130.714;3403.024;598.186;1183.6;11.6769
562;2006;10;44.0;209.2;192.5;2654.591;71.7;7500.386;1531.136;9768.182;32702.955;3822.955;585.78;1082.45;11.5586
563;2006;11;44.0;227.375;192.5;2702.795;73.5;7029.182;1624.523;10079.091;32113.864;4382.227;627.827;1183.0;12.9311
564;2006;12;44.0;251.6666667;192.5;2813.632;73.5;6675.105;1725.5;11158.684;34570.263;4405.395;629.791;1121.19;13.2786
565;2007;1;44.0;265;192.5;2809.341;78.2;5669.659;1666.091;11361.818;36811.136;3786.682;631.166;1146.65;12.8413
566;2007;2;44.0;299.375;192.5;2832.2;82.66;5676.45;1779.6;12933.25;41184.25;3309.5;664.745;1204.55;13.91
567;2007;3;44.0;318.125;192.5;2761.727;88.55;6452.477;1914.045;13892.955;46324.773;3271.295;654.895;1218.77;13.1843
568;2007;4;44.0;291;192.5;2814.789;91.26;7766.474;2000.947;14052.895;50266.842;3557.474;679.368;1275.81;13.7233
569;2007;5;44.0;293.125;192.5;2792.75;102.02;7681.42;2101.25;14140.0;52179.048;3831.26;667.31;1300.65;13.1478
570;2007;6;44.0;291.875;192.5;2676.93;103.21;7474.38;2425.2;14099.76;41718.571;3602.85;655.66;1286.24;13.1443
571;2007;7;44.0;269.5;192.5;2732.44;106.09;7972.57;3082.76;14737.84;33425.682;3545.58;665.38;1303.02;12.9093
572;2007;8;44.0;260.625;192.5;2515.773;121.89;7513.5;3119.455;15174.318;27652.273;3252.523;665.411;1263.61;12.3343
573;2007;9;57.75;305;197.5;2391.25;148.65;7648.975;3226.55;15023.0;29537.5;2881.4;712.653;1307.65;12.8335
574;2007;10;71.5;323.75;202.5;2442.37;168.11;8008.435;3719.717;16071.304;31055.435;2975.326;754.604;1410.7;13.6704
575;2007;11;71.5;366.25;202.5;2506.886;195.09;6966.705;3328.182;16691.818;30610.227;2541.318;806.248;1448.73;14.7016
576;2007;12;71.5;401.6666667;202.5;2381.694;190.12;6587.667;2596.028;16263.056;25991.944;2353.083;803.203;1492.9;14.3036
577;2008;1;71.5;376.625;230.625;2445.523;193.37;7061.023;2608.136;16337.273;27689.545;2340.114;889.595;1583.3;15.9089
578;2008;2;71.5;328.125;240.0;2776.929;186.12;7887.69;3079.881;17210.0;27955.476;2438.143;922.298;1999.67;17.569
579;2008;3;71.5;371;240.0;3005.289;197.12;8439.289;3008.579;19803.947;31225.263;2511.474;968.434;2025.19;19.3174
580;2008;4;160.375;462.5;393.0;2959.273;195.95;8684.932;2822.75;21658.636;28763.182;2263.795;909.705;1988.41;17.5
581;2008;5;190.0;633.75;546.0;2902.9;192.95;8382.75;2234.625;24062.25;25735.0;2182.1;888.663;2052.45;17.06
582;2008;6;190.0;642;546.0;2957.857;183.93;8260.595;1863.048;22229.286;22549.048;1894.476;889.488;2039.24;16.969
583;2008;7;240.0;733.75;546.0;3071.239;180.5;8414.043;1944.913;23139.348;20160.217;1852.37;939.772;1904.43;18.0339
584;2008;8;290.0;785;546.0;2764.375;178.74;7634.7;1923.575;20026.25;18927.75;1723.275;839.025;1485.55;14.635
585;2008;9;278.0;744.5;546.0;2525.818;139.64;6990.864;1868.364;18368.864;17794.545;1735.477;829.932;1223.18;12.373
586;2008;10;450.0;575;546.0;2121.413;88.67;4925.696;1480.109;14401.739;12139.783;1302.109;806.62;912.57;10.4413
587;2008;11;450.0;287.5;546.0;1852.425;64.95;3717.0;1291.1;13643.5;10701.5;1152.6;760.863;840.3;9.8652
588;2008;12;450.0;240;546.0;1490.429;69.98;3071.976;962.881;11240.0;9686.429;1100.571;816.092;839.7;10.2857
589;2010;1;450.0;273.75;546.0;1413.119;72.51;3220.69;1132.738;11372.857;11306.905;1187.405;858.69;947.41;11.2682
590;2009;2;450.0;281.25;580.125;1330.2;75.59;3314.725;1100.525;11039.25;10408.75;1112.075;943.0;1033.25;13.4125
591;2009;3;450.0;268.5;682.5;1335.841;64.07;3749.75;1238.909;10675.909;9696.364;1216.75;924.273;1081.77;13.1168
592;2009;4;315.0;245.625;682.5;1420.85;59.78;4406.55;1383.1;11743.5;11166.0;1378.85;890.2;1165.45;12.4793
593;2009;5;270.0;236.25;682.5;1460.447;62.69;4568.632;1440.158;13793.421;12634.737;1483.789;928.645;1128.67;13.9838
594;2009;6;198.0;239.7;682.5;1573.727;71.66;5013.955;1674.455;14985.682;14960.455;1557.273;945.67;1217.86;14.6543
595;2009;7;90.0;243.75;615.625;1667.957;83.95;5215.543;1678.609;14038.913;15984.565;1578.609;934.228;1162.26;13.3617
596;2009;8;90.0;251.5;530.0;1933.75;97.67;6165.3;1900.1;14869.75;19641.75;1821.675;949.375;1244.57;14.3567
597;2009;9;90.0;232.25;425.0;1834.114;80.71;6196.432;2204.545;14869.091;17473.182;1884.023;996.591;1288.7;16.3895
598;2009;10;90.0;234.875;425.0;1878.568;86.79;6287.977;2240.773;15008.864;18525.227;2071.591;1043.159;1332.77;17.2361
599;2009;11;90.0;243.5;425.0;1949.286;99.26;6675.595;2308.762;14942.381;16991.19;2193.381;1127.036;1400.62;17.8213
600;2009;12;90.0;262;425.0;2180.095;105.07;6981.714;2328.524;15546.905;17066.429;2375.952;1134.724;1437.48;17.6422
601;2010;1;90.0;266.5;389.375;2235.15;125.72;7386.25;2368.375;17714.75;18439.25;2434.45;1117.963;1557.9;17.749
602;2010;2;90.0;297.5;374.375;2048.925;127.49;6848.175;2123.675;16361.75;18976.0;2156.9;1095.413;1520.35;15.873
603;2010;3;90.0;278.7;340.0;2205.63;139.69;7462.826;2172.087;17549.348;22461.304;2275.065;1113.337;1599.43;17.1061
604;2010;4;90.0;253.75;340.0;2316.725;172.47;7745.075;2264.85;18683.5;26030.75;2366.675;1148.688;1710.5;18.0623
605;2010;5;90.0;234;334.5;2040.526;161.35;6837.684;1882.684;17566.053;22008.158;1968.368;1205.434;1624.86;18.4333
606;2010;6;90.0;226.25;312.5;1931.386;143.63;6499.295;1703.955;17319.773;19388.636;1742.841;1232.92;1553.23;18.4548
607;2010;7;98.75;259.375;312.5;1988.273;126.36;6735.25;1836.977;18191.364;19517.5;1843.886;1192.966;1525.59;17.9605
608;2010;8;125.0;263.5;312.5;2118.143;145.34;7283.952;2075.238;20754.762;21413.333;2044.571;1215.81;1540.59;18.3877
609;2010;9;125.0;308.75;312.5;2162.341;140.6272727;7709.295;2184.227;22701.136;22643.409;2151.409;1270.977;1591.75;20.5498
610;2010;10;125.0;332.5;312.5;2346.57;148.4809524;8292.405;2379.667;26342.619;23807.381;2372.143;1342.024;1688.69;23.3933
611;2010;11;125.0;365.4;322.5;2333.068;156.1;8469.886;2376.727;25519.091;22909.318;2291.682;1369.886;1692.77;26.5409
612;2010;12;125.0;380.625;322.5;2350.667;163.1;9147.262;2412.929;26163.333;24111.19;2280.929;1390.553;1711.39;29.3248
613;2011;1;125.0;378.5;322.5;2439.525;179.18;9555.7;2601.65;27465.25;25646.25;2371.55;1360.46;1785.43;28.5086
614;2011;2;140.0;297.5;374.375;2508.175;187.18;9867.6;2586.675;31526.0;28252.25;2465.125;1374.68;1825.9;30.7785
615;2011;3;145.0;278.7;340.0;2555.5;169.36;9503.36;2624.02;30590.93;26710.35;2341.48;1423.26;1770.17;35.8135
616;2011;4;145.0;253.75;340.0;2678.11;179.33;9492.79;2701.17;32363.31;26408.33;2362.22;1480.89;1797.9;42.6952
617;2011;5;147.0;234;334.5;2596.45;177.05;8959.9;2428.32;28676.45;24236.73;2167.35;1512.58;1786.55;37.3359
618;2011;6;155.0;478.75;355.0;2557.76;170.88;9066.85;2524.99;25519.68;22420.93;2234.47;1529.36;1768.5;35.795
619;2011;7;161.875;483.75;442.5;2525.43;172.98;9650.46;2681.02;27398.1;23847.95;2397.75;1572.75;1759.76;37.9171
620;2011;8;182.5;475.5;442.5;2379.35;177.5;9000.76;2397.28;24042.43;21845.09;2200.17;1759.01;1804.7;40.3313
621;2011;9;182.5;508.75;442.5;2293.46;177.23;8300.14;2287.67;22526.6;20377.59;2075.22;1772.14;1748.11;38.1545
622;2011;10;188.75;493.5;435.0;2180.65;150.43;7394.19;1960.38;21868.64;19039.05;1871.42;1666.43;1535.19;31.9748
623;2011;11;195.0;481.25;435.0;2079.98;135.54;7581.02;1994.22;21291.7;17873.0;1935.32;1739.0;1596.98;33.0818
624;2011;12;195.0;423.125;450.0;2022.25;136.39;7565.48;2022.35;19375.01;18266.76;1904.73;1639.97;1454.59;30.3032
625;2012;1;195.0;368;495.0;2144.2;140.26;8040.47;2096.16;21438.63;19854.77;1981.86;1654.05;1499.32;30.6509
626;2012;2;190.0;375;495.0;2207.92;140.4;8441.49;2121.26;24293.31;20393.67;2057.79;1744.82;1657.76;34.1405
627;2012;3;160.0;393.125;495.0;2184.16;144.66;8470.78;2056.69;22985.43;18660.81;2035.92;1675.95;1655.41;32.9532
628;2012;4;185.0;494.375;477.5;2049.67;147.64;8289.48;2071.07;22200.62;17939.79;2002.14;1649.2;1585.81;31.5255
629;2012;5;195.0;513.125;477.5;2007.630952;136.61;7955.642857;2012.821429;20405.2381;17068.19048;1936.0;1589.04;1470.7;28.7196
630;2012;6;193.125;456.875;477.5;1890.178571;134.66;7423.02381;1854.152381;19271.07143;16549.14286;1858.702381;1598.76;1443.86;27.9836
631;2012;7;188.5;307.5;279.5;1876.25;127.94;7584.261364;1881.477273;18546.09091;16128.40909;1847.75;1594.29;1425.82;27.4318
632;2012;8;182.5;382.5;477.5;1845.376087;107.5;7515.532609;1900.619565;18772.61957;15735.20652;1818.163043;1630.31;1453.26;28.8002
633;2012;9;182.5;384.375;477.5;2064.12;99.47;8087.74;2177.67;20771.26;17287.96;2009.85;1744.81;1623.65;33.6085
634;2012;10;182.5;349;477.5;1974.3;113.95;8062.03;2141.97;21233.7;17168.74;1903.96;1746.58;1635.83;33.1874
635;2012;11;182.5;383.5;477.5;1948.829545;120.35;7711.227273;2181.965909;20713.06818;16335.36364;1912.397727;1721.64;1576.36;32.7732
636;2012;12;182.5;375.8333333;477.5;2086.763158;128.5111111;7966.486842;2279.802632;22880.89474;17448.5;2040.428947;1684.762;1582.25;31.8745
637;2013;1;182.5;380;395.0;2037.75;150.4909091;8047.36;2333.68;24545.9;17472.5;2032.2;1671.847826;1638.891304;31.06173913
638;2013;2;182.5;415.625;395.0;2053.595;154.6388889;8060.925;2365.7875;24211.7375;17690.1;2128.6875;1627.57;1674.55;30.3288
639;2013;3;160.0;395.625;395.0;1909.566667;139.87;7645.583333;2169.416667;23296.52381;16724.92857;1926.071429;1593.08619;1582.952381;28.79095238
640;2013;4;111.5;365.625;395.0;1861.670455;137.3909091;7234.279545;2027.386364;21662.25;15672.95455;1856.004545;1487.857273;1493.068182;25.355
641;2013;5;157.5;358.125;395.0;1832.021739;124.0095238;7249.413043;2032.978261;20775.82609;14947.95652;1831.554348;1414.026957;1475.173913;23.03826087
642;2013;6;125.625;329.375;395.0;1814.5375;114.815;7000.2375;2099.6875;20267.4;14280.275;1839.0125;1343.35;1430.23;21.109
643;2013;7;115.0;312.5;395.0;1769.608696;127.1913043;6906.641304;2047.728261;19563.82609;13750.31522;1837.619565;1285.515652;1401.478261;19.71021739
644;2013;8;115.0;310.625;395.0;1817.615909;137.055;7192.920455;2174.181818;21644.43182;14314.93182;1898.818182;1351.741818;1496.090909;21.89386364
645;2013;9;97.5;301;395.0;1761.304762;134.1857143;7159.269048;2084.919048;22735.07143;13801.39286;1846.880952;1348.6;1456.86;22.5638
646;2013;10;84.375;296.875;395.0;1814.582609;132.5727273;7203.021739;2115.428261;23101.58696;14117.65217;1884.836957;1316.58;1413.48;21.917
647;2913;11;87.5;305;395.0;1747.964286;136.3238095;7070.654762;2089.559524;22826.88095;13684.0119;1866.416667;1275.86;1420.1;20.7576
648;2013;12;96.875;305;395.0;1739.81;135.7904762;7214.9;2136.7275;22762.125;13924.55;1974.975;1221.511905;1355.666667;19.67
649;2014;1;97.5;330;395.0;1727.41;128.119;7291.47;2143.17;22063.86;14101.25;2036.93;1244.27;1420.95;19.875
650;2014;2;97.5;353.125;307.625;1695.17;121.37;7149.21;2108.03;22820.67;14203.55;2034.53;1299.58;1409.53;20.845
651;2014;3;106.6;327.5;278.5;1705.37;111.833;6650.04;2053.08;23024.31;15678.1;2007.9;1336.08;1451.62;20.716
652;2014;4;111.5;260;299.0;1810.67;114.581;6673.56;2087.09;23405.2;17373.6;2027.21;1298.45;1430.33;19.736
653;2014;5;112.625;265;300.875;1751.05;100.56;6891.13;2097.32;23271.25;19401.08;2058.97;1288.74;1456.27;19.342
654;2014;6;111.4;288.75;301.5;1838.95;92.743;6821.14;2106.94;22762.0;18628.81;2128.1;1279.1;1452.76;19.892
655;2014;7;111.0;305;279.5;1948.3;96.05;7113.38;2193.24;22424.01;19117.65;2310.62;1310.59;1492.18;20.923
656;2014;8;111.0;311.25;279.5;2030.49;92.614;7001.84;2236.84;22231.05;18600.2;2326.99;1295.13;1446.33;19.736
657;2014;9;111.375;317.5;279.5;1990.43;82.37954545;6872.22;2117.24;21090.52;18034.8;2294.59;1236.55;1359.48;18.369
658;2014;10;116.0;317.5;279.5;1946.19;81.06;6737.48;2034.26;19830.41;15812.37;2276.83;1222.49;1259.76;17.163
659;2014;11;119.5;317.5;279.5;2055.55;73.73;6712.85;2030.18;20033.47;15807.05;2253.22;1175.33;1208.32;15.966
660;2014;12;119.5;308.125;279.5;1909.46;68.39;6446.45;1938.11;19829.71;15962.05;2175.76;1200.62;1215.32;16.295
661;2015;1;119.5;305;279.5;1814.72;68.23;5830.54;1843.13;19454.12;14849.19;2113.05;1250.75;1242.45;17.236
662;2015;2;121.25;305;279.5;1817.82;62.75;5729.27;1795.66;18233.91;14573.84;2097.76;1227.08;1197.16;16.787
663;2015;3;123.0;295.5;283.4;1773.86;58.05;5939.67;1792.47;17421.91;13755.5;2028.73;1178.63;1138.64;16.24
664;2015;4;114.125;260;299.0;1819.19;52.28;6042.09;2005.36;15900.88;12830.92;2212.72;1198.93;1151.29;16.341
665;2015;5;110.5;265;300.875;1804.04;60.3;6294.78;1991.78;15803.59;13511.34;2281.8;1198.63;1140.4;16.833
666;2015;6;118.9;288.75;301.5;1687.73;62.63;5833.01;1829.5;15064.94;12825.23;2082.09;1181.5;1088.82;16.075
667;2015;7;121.0;283.75;301.5;1639.5;52.39;5456.75;1763.04;15071.53;11413.1;2000.68;1128.31;1009.27;15.053
668;2015;8;121.0;274.625;301.5;1548.13;56.19;5127.3;1703.6;15163.77;10386.0;1807.64;1117.93;984.1;14.941
669;2015;9;124.0;279.375;301.5;1589.6;56.95;5217.25;1684.25;15453.34;9937.55;1720.23;1124.77;964.38;14.75
670;2015;10;123.5;250.625;301.5;1516.49;53.12;5216.09;1720.11;15794.61;10316.83;1724.34;1159.25;976.91;15.813
671;2015;11;123.5;263.625;301.5;1467.89;46.86;4799.9;1618.35;14745.29;9244.33;1583.31;1086.44;885.2;14.452
672;2015;12;123.5;264;301.5;1497.2;40.5;4638.83;1706.58;14691.69;8707.79;1527.79;1075.74;859.82;14.127
673;2016;1;122.6;233.875;301.5;1481.1;41.88;4471.79;1646.2;13808.08;8507.29;1520.36;1097.91;855.25;14.106
674;2016;2;114.5;191.875;301.5;1531.26;46.83;4598.62;1765.75;15610.14;8298.5;1709.85;1199.5;919.35;15.167
675;2016;3;114.5;201.75;301.5;1531.01;56.2;4953.8;1802.19;16897.6;8717.25;1801.69;1245.14;967.73;15.465
676;2016;4;114.125;196.25;301.5;1571.23;60.92;4872.74;1732.27;17032.71;8878.86;1855.37;1242.26;994.19;16.36
677;2016;5;110.5;198.375;301.5;1550.63;55.13;4694.54;1707.8;16706.95;8660.35;1869.03;1260.95;1035.86;16.947
678;2016;6;110.5;142.625;301.5;1593.51;51.98;4641.97;1712.77;16966.69;8928.35;2026.19;1276.4;984.14;17.286
679;2016;7;110.5;181;282.5;1629.05;57.26;4864.9;1834.79;17826.23;10262.86;2183.25;1336.66;1087.5;19.992
680;2016;8;109.75;186.25;206.5;1639.28;60.89;4751.67;1835.52;18427.02;10335.99;2279.14;1340.17;1121.65;19.587
681;2016;9;109.0;187.3;206.5;1592.36;57.79;4722.2;1947.64;19499.52;10191.78;2292.31;1326.61;1046.71;19.357
682;2016;10;109.0;187.5;206.5;1665.9;59.09;4731.26;2024.49;20099.76;10259.74;2311.5;1266.55;959.14;17.655
683;2016;11;103.0;205;206.5;1737.11;73.1;5450.93;2180.58;21126.09;11128.91;2566.2;1238.35;955.14;17.407
684;2016;12;97.5;217.75;206.5;1727.74;80.02;5660.35;2209.84;21204.35;10972.27;2664.81;1157.36;918.38;16.432
685;2017;1;96.875;233.75;206.5;1791.24;80.41;5754.56;2242.62;20691.79;9971.46;2714.8;1192.1;971.15;16.902
686;2017;2;95.0;191.875;301.5;1860.75;89.44;5940.91;2311.5;19446.47;10643.3;2845.55;1234.2;1007.63;17.933
687;2017;3;97.5;223.5;206.5;1901.47;87.65;5824.63;2280.92;19875.2;10204.66;2776.88;1231.42;962.87;17.631
688;2017;4;95.625;207.875;206.5;1921.22;70.22;5683.9;2220.61;19910.32;9609.28;2614.92;1266.88;960.84;18.033
689;2017;5;92.5;178.75;206.5;1913.02;62.43;5599.56;2125.11;20200.33;9155.12;2590.21;1246.04;930.27;16.745
690;2017;6;92.5;191;206.5;1885.29;57.48;5719.76;2132.93;19658.84;8931.76;2573.4;1260.26;930.73;16.931
691;2017;7;92.5;181;207.25;1902.96;67.74;5985.12;2269.86;20223.48;9491.39;2787.19;1236.84;918.9;16.152
692;2017;8;88.75;192.625;215.5;2030.01;76.07;6485.63;2348.47;20521.0;10889.98;2980.73;1283.04;972.7;16.952
693;2017;9;85.0;219;215.5;2096.49;71.53;6577.17;2374.39;20796.62;11215.79;3116.86;1314.07;964.1;17.432
694;2017;10;80.0;252.5;215.5;2131.49;61.66;6807.6;2498.22;20376.09;11335.77;3264.6;1279.51;921.0;16.941
695;2017;11;80.0;280;215.5;2097.44;64.24;6826.55;2461.43;19557.52;11972.0;3229.31;1281.9;934.05;16.977
696;2017;12;80.0;214.625;215.5;2080.47;72.25;6833.89;2509.92;19476.37;11495.11;3195.95;1264.45;907.2;16.165
697;2018;1;80.0;219.625;215.5;2209.73;76.34;7065.85;2584.09;20696.91;12864.88;3441.52;1331.3;990.12;17.127
698;2018;2;82.5;232.5;215.5;2181.79;77.46;7006.52;2581.06;21651.55;13595.88;3532.9;1330.73;987.26;16.582
699;2018;3;84.7;232.5;215.5;2069.24;70.35;6799.18;2390.0;21211.94;13392.5;3269.18;1324.66;954.57;16.473
700;2018;4;88.0;230.625;215.5;2254.69;65.75;6851.51;2352.41;21291.1;13938.1;3188.05;1334.76;924.05;16.648
701;2018;5;88.0;221.875;215.5;2299.67;66.1;6825.27;2360.93;20858.83;14366.49;3059.87;1303.45;904.73;16.49
702;2018;6;86.8;224;215.5;2237.62;65.04;6965.86;2436.29;20660.52;15105.65;3088.57;1281.57;884.9;16.541
703;2018;7;86.88;252.5;215.5;2082.24;64.56;6250.75;2207.02;19729.8;13793.86;2656.13;1237.71;832.0;15.723
704;2018;8;87.5;260;215.5;2051.51;67.15;6051.05;2053.53;19228.77;13411.35;2512.0;1201.71;804.91;14.987
705;2018;9;87.5;267.5;215.5;2026.46;68.44;6050.76;2022.91;18967.13;12510.35;2434.68;1198.39;804.79;14.272
706;2018;10;91.25;270;215.5;2029.86;73.41;6219.59;1987.55;19121.48;12314.91;2673.67;1215.39;829.87;14.597
707;2018;11;92.5;305.6;215.5;1938.51;73.26;6195.92;1937.11;19064.86;11239.72;2595.69;1220.65;846.19;14.353
708;2018;12;99.17;276.67;215.5;1920.38;69.16;6075.32;1972.32;19259.58;10835.08;2616.29;1250.4;791.16;14.772
709;2019;1;102.5;260;215.5;1853.72;76.16;5939.1;1997.14;20457.75;11523.09;2569.7;1291.75;806.77;15.624
710;2019;2;102.5;250.63;215.5;1862.99;88.22;6300.49;2062.79;21263.95;12685.23;2707.19;1320.07;818.15;15.815
711;2019;3;98.5;247.5;245.5;1871.21;86.47;6439.46;2046.46;21393.4;13026.27;2850.6;1300.9;842.81;15.296
712;2019;4;97.5;247.5;265.5;1845.42;93.7;6438.36;1938.99;20604.3;12772.79;2932.65;1285.91;887.29;15.055
713;2019;5;97.5;247.5;265.5;1781.26;100.15;6017.9;1815.19;19523.9;12016.31;2742.81;1283.7;833.55;14.662
714;2019;6;97.5;247.5;265.5;1755.95;108.94;5882.23;1899.7;19193.2;11943.94;2601.22;1359.04;808.2;15.036
715;2019;7;80.0;263.5;265.5;1796.99;120.24;5941.2;1975.64;17977.85;13546.3;2446.51;1412.89;843.95;15.791
716;2019;8;78.0;262.5;265.5;1740.68;93.07;5709.44;2044.55;16608.99;15748.64;2273.01;1500.41;859.14;17.224
717;2019;9;77.5;237.75;265.5;1753.51;93.08;5759.25;2071.85;16830.62;17656.88;2331.56;1510.58;944.7;18.16
718;2019;10;77.5;237;265.5;1725.96;88.53;5757.3;2184.09;16603.39;17046.22;2451.65;1494.81;897.26;17.645
719;2019;11;74.0;224.5;265.5;1774.79;84.98;5859.95;2021.15;16335.48;15171.81;2425.48;1470.79;901.8;17.165
720;2019;12;72.5;217.5;265.5;1771.38;92.65;6077.06;1900.54;17141.05;13829.42;2272.54;1479.13;924.25;17.138
721;2020;1;72.5;215.4;268.7;1773.09;95.76;6031.21;1923.93;17029.18;13506.86;2354.31;1560.67;987.36;17.972
722;2020;2;72.5;214.38;243.38;1688.1;87.68;5687.75;1872.54;16480.3;12715.55;2113.24;1597.1;961.1;17.88
723;2020;3;71.88;231.13;235.0;1610.89;88.99;5182.63;1734.44;15290.91;11846.23;1903.63;1591.93;759.0;14.884
724;2020;4;70.75;235;220.38;1459.93;84.73;5057.97;1657.55;14952.8;11804.01;1903.37;1683.17;753.86;15.065
725;2020;5;72.9;201.9;222.2;1466.37;93.65;5239.83;1626.34;15401.92;12179.61;1975.32;1715.91;790.22;16.256
726;2020;6;75.0;202;226.25;1568.57;103.3;5754.6;1744.84;16837.84;12727.15;2025.71;1732.22;820.77;17.713
727;2020;7;75.0;214.4;237.5;1643.81;108.52;6372.46;1817.93;17469.92;13402.3;2177.2;1846.51;864.64;20.647
728;2020;8;76.88;249.5;240.38;1737.26;121.07;6498.94;1935.73;17650.03;14537.75;2410.05;1968.63;940.33;27.003
729;2020;9;79.38;250.5;247.75;1743.77;123.75;6704.9;1872.91;17951.26;14857.49;2442.46;1921.92;907.62;25.742
730;2020;10;80.0;245;255.0;1806.1;119.78;6713.81;1776.27;18176.59;15239.36;2440.65;1900.27;876.27;24.23
731;2020;11;82.5;245;250.0;1935.28;124.36;7068.91;1915.62;18522.48;15807.73;2671.6;1866.3;911.55;24.079
732;2020;12;83.33;245;246.33;2014.67;155.43;7772.24;2020.47;19731.96;16823.04;2779.85;1858.42;1028.0;24.968
733;2021;1;85.0;265;255.5;2003.98;169.63;7972.15;2014.73;21920.24;17863.18;2705.34;1866.98;1090.95;25.88
734;2021;2;88.13;335;290.63;2078.59;163.8;8470.94;2080.11;26315.75;18584.38;2744.5;1808.17;1206.7;27.293
735;2021;3;96.25;352.88;320.88;2190.48;168.18;8988.25;1948.0;27061.0;16406.66;2791.94;1718.23;1181.0;25.648
736;2021;4;95.0;328.1;345.5;2319.39;179.83;9324.82;2011.92;28328.42;16521.25;2829.01;1760.04;1208.81;25.687
737;2021;5;102.5;331.63;378.13;2433.53;207.72;10161.97;2181.81;32246.21;17577.06;2965.73;1850.26;1214.0;27.504
738;2021;6;125.0;393.25;462.5;2446.65;214.43;9631.5;2191.03;32502.55;17979.57;2951.85;1834.57;1124.0;26.995
739;2021;7;125.0;441.5;633.0;2497.64;214.14;9450.82;2337.51;34020.18;18818.51;2947.52;1807.84;1086.48;25.677
740;2021;8;136.88;446.88;695.0;2602.99;162.16;9370.14;2414.47;35024.0;19141.3;2987.95;1785.28;1008.73;23.986
741;2021;9;147.5;418.75;736.25;2834.56;124.52;9324.71;2248.3;34887.3;19376.88;3036.02;1775.14;973.19;23.185
742;2021;10;147.5;695;782.0;2934.39;122.91;9829.22;2344.83;37722.92;19362.39;3359.91;1776.85;1017.1;23.413
743;2021;11;153.13;900.5;806.88;2636.45;96.24;9728.9;2329.98;39158.69;19932.86;3311.27;1821.76;1038.05;24.175
744;2021;12;176.67;890;807.5;2695.53;116.96;9551.18;2301.69;39422.52;20015.55;3399.21;1790.43;944.59;22.532
745;2022;1;173.13;846.38;785.63;3005.98;132.53;9782.34;2331.85;41791.7;22355.4;3599.14;1816.02;994.15;23.158
746;2022;2;172.5;744.17;791.88;3245.79;142.84;9943.17;2296.86;43983.35;24015.55;3620.04;1856.3;1049.4;23.542
747;2022;3;178.75;872.5;977.5;3498.37;152.07;10230.89;2344.84;43949.67;33924.18;3962.21;1947.83;1043.26;25.314
748;2022;4;249.5;925;1202.0;3244.41;151.25;10161.38;2380.41;42991.11;33132.74;4360.43;1936.86;965.0;24.545
749;2022;5;255.0;707.5;1170.0;2830.32;131.21;9377.15;2142.48;35769.39;28062.55;3751.48;1848.5;958.38;21.905
750;2022;6;287.5;690;1101.88;2563.44;130.74;9024.46;2066.38;31559.31;25658.63;3629.73;1836.57;956.59;21.556
751;2022;7;320.0;601;1013.0;2408.42;108.57;7544.81;1985.2;25395.77;21481.89;3105.36;1732.74;869.25;19.075
752;2022;8;320.0;591.25;888.75;2430.79;108.85;7981.84;2072.72;24647.48;22057.39;3587.57;1764.56;908.65;19.724
753;2022;9;320.0;678;731.0;2224.76;99.81;7746.01;1870.1;21124.04;22773.97;3124.97;1680.78;881.24;18.944
754;2022;10;317.5;636.25;622.5;2255.54;92.56;7651.08;1999.86;19391.17;22032.89;2967.21;1664.45;914.67;19.426
755;2022;11;300.0;588.75;563.13;2350.72;93.34;8049.86;2099.99;21249.5;25562.7;2938.92;1725.07;989.05;21.018
756;2022;12;300.0;519.38;513.75;2401.69;111.84;8375.4;2216.48;24172.37;28946.81;3129.48;1797.55;1010.95;23.326
757;2023;1;300.0;443.75;508.75;2501.82;122.23;9037.95;2201.26;28154.14;28194.61;3309.81;1897.71;1053.25;23.653
758;2023;2;322.5;357.5;496.88;2416.18;127.6;8936.59;2093.06;26862.9;26727.95;3133.84;1854.54;958.85;21.921
759;2023;3;345.0;313.5;453.0;2296.42;128.37;8856.31;2115.18;23999.96;23288.61;2967.46;1912.73;970.61;21.976
